Close,Volume
1.5926669836044312,281494500
1.5886670351028442,257806500
1.4639999866485596,123282000
1.2799999713897705,77097000
1.0740000009536743,103003500
1.053333044052124,103825500
1.1640000343322754,115671000
1.159999966621399,60759000
1.136667013168335,33037500
1.2093329429626465,40201500
1.3226670026779177,62928000
1.3259999752044678,56097000
1.3760000467300415,39319500
1.4606670141220093,37297500
1.3533329963684082,27379500
1.3480000495910645,18787500
1.399999976158142,14367000
1.4193329811096191,9804000
1.3966670036315918,13833000
1.3700000047683716,9295500
1.3813329935073853,7008000
1.3566670417785645,9240000
1.329332947731018,6403500
1.3946670293807983,10771500
1.463333010673523,18457500
1.4173330068588257,13695000
1.363332986831665,11943000
1.305999994277954,11128500
1.3066669702529907,12190500
1.2686669826507568,19219500
1.1933330297470093,11964000
1.1733330488204956,10365000
1.2213330268859863,9510000
1.2519999742507937,7287000
1.2766669988632202,6718500
1.2513329982757568,9019500
1.25266695022583,8686500
1.273332953453064,4440000
1.3420000076293943,16321500
1.2799999713897705,10096500
1.3266669511795044,7549500
1.3166669607162476,6507000
1.3133330345153809,5694000
1.324666976928711,10992000
1.2986669540405271,3016500
1.363332986831665,7423500
1.4040000438690186,7306500
1.4033329486846924,6519000
1.369333028793335,3651000
1.3933329582214355,4326000
1.380666971206665,5643000
1.3446669578552246,5799000
1.3813329935073853,5412000
1.4079999923706057,9820500
1.4653329849243164,10269000
1.3960000276565552,40267500
1.348667025566101,17977500
1.4040000438690186,14212500
1.3846670389175415,11940000
1.324666976928711,14443500
1.3040000200271606,10021500
1.340000033378601,8683500
1.3686670064926147,6279000
1.4266669750213623,18217500
1.4653329849243164,29539500
1.3606669902801514,32937000
1.373332977294922,8965500
1.3993330001831057,9654000
1.4079999923706057,4980000
1.3639999628067017,4701000
1.3619999885559082,2115000
1.3619999885559082,4017000
1.3493330478668213,2568000
1.3493330478668213,3660000
1.369333028793335,4773000
1.3833329677581787,4422000
1.369333028793335,4270500
1.348667025566101,2442000
1.3366669416427612,3678000
1.376667022705078,4687500
1.3833329677581787,6256500
1.3813329935073853,2416500
1.3899999856948853,1777500
1.4240000247955322,9913500
1.399999976158142,5347500
1.4126670360565186,3363000
1.4559999704360962,4209000
1.4273329973220823,6837000
1.4166669845581057,4837500
1.4513330459594729,5589000
1.659999966621399,28110000
1.6293330192565918,15165000
1.6653330326080322,7642500
1.6419999599456787,14346000
1.957332968711853,45907500
1.869333028793335,29179500
1.9893330335617063,40936500
2.053333044052124,39343500
1.9780000448226929,20214000
1.965999960899353,11250000
1.9926669597625728,14341500
2.065999984741211,17257500
2.2266669273376465,22945500
2.3046669960021973,23667000
2.3646669387817383,21375000
2.354666948318481,5259000
2.2886669635772705,17184000
2.355333089828491,33339000
2.289999961853028,19488000
2.1566669940948486,30105000
2.0993330478668213,17401500
2.02066707611084,19116000
2.1040000915527344,19669500
2.157999992370605,9900000
2.136667013168335,6090000
2.101332902908325,6441000
2.0366671085357666,6156000
1.9019999504089355,26485500
1.97333300113678,11143500
2.053999900817871,11851500
2.0906670093536377,12195000
2.113332986831665,7851000
2.1506669521331787,11665500
2.175333023071289,12499500
2.00600004196167,23289000
1.703333020210266,139528500
1.7606669664382937,60844500
1.848667025566101,49788000
1.7666670083999634,30616500
1.775333046913147,21268500
1.7746670246124268,19245000
1.777999997138977,17811000
1.7886669635772705,21700500
1.858667016029358,30918000
1.8826669454574585,33718500
1.896667003631592,20140500
1.797333002090454,25653000
1.797333002090454,14466000
1.7480000257492063,10854000
1.7166670560836792,17880000
1.7093329429626465,24325500
1.6019999980926514,35572500
1.5080000162124634,34198500
1.5360000133514404,18255000
1.6326669454574585,24676500
1.6453330516815186,19072500
1.649999976158142,16198500
1.6613329648971558,13435500
1.6006669998168943,15726000
1.6066670417785645,12454500
1.593999981880188,10617000
1.5959999561309814,8542500
1.5753329992294312,7680000
1.5640000104904177,8160000
1.537999987602234,13426500
1.6326669454574585,52573500
1.547333002090454,39534000
1.5479999780654907,12541500
1.5499999523162842,9517500
1.5386669635772705,19246500
1.5226670503616333,14305500
1.6486669778823853,61726500
1.5733330249786377,39276000
1.5453330278396606,35560500
1.4579999446868896,30969000
1.4553329944610596,24084000
1.5019999742507937,15829500
1.5740000009536743,20194500
1.5926669836044312,15768000
1.5959999561309814,16596000
1.6013330221176147,9949500
1.6239999532699585,9603000
1.6633330583572388,23701500
1.6626670360565186,30504000
1.6440000534057615,20998500
1.6480000019073486,13872000
1.6006669998168943,15255000
1.6046669483184814,13962000
1.5499999523162842,17490000
1.5299999713897705,19782000
1.5213329792022705,17545500
1.5206669569015503,13839000
1.5306669473648071,10318500
1.51533305644989,6175500
1.4793330430984497,8743500
1.480666995048523,6342000
1.4886670112609863,6933000
1.5166670083999634,8520000
1.5499999523162842,15871500
1.5946669578552246,11331000
1.5806670188903809,18349500
1.850000023841858,172767000
1.7773330211639404,42972000
1.722000002861023,39139500
1.7799999713897705,47713500
1.7660000324249268,19324500
1.815999984741211,42154500
1.7660000324249268,29196000
1.6846669912338257,20541000
1.6433329582214355,20361000
1.6619999408721924,18172500
1.6759999990463257,14751000
1.7053329944610596,14152500
1.668666958808899,15508500
1.6773329973220823,8230500
1.7166670560836792,12558000
1.78266704082489,20791500
1.7593330144882202,12013500
1.7953330278396606,21000000
1.8053330183029173,14953500
1.843999981880188,24000000
1.840000033378601,10890000
1.830000042915344,11769000
1.7913329601287842,13708500
1.779332995414734,15667500
1.762666940689087,18277500
1.807999968528748,14725500
1.8606669902801516,13746000
1.8886669874191284,23029500
1.8046669960021973,14437500
1.8446669578552248,9420000
1.8366669416427608,9922500
1.773332953453064,11335500
1.730666995048523,18513000
1.7566670179367063,10942500
1.8799999952316284,39826500
1.864667057991028,12637500
1.787999987602234,12954000
1.7813329696655271,9205500
1.932000041007996,70396500
1.9653329849243164,50053500
1.9700000286102293,25306500
2.0093328952789307,49357500
1.901332974433899,22948500
1.9173330068588257,14794500
2.0086669921875,93138000
1.9133330583572388,34966500
1.891332983970642,18331500
1.807999968528748,25438500
1.841333031654358,24048000
1.8573329448699951,23499000
1.8953330516815183,25701000
1.9066669940948489,23601000
1.821333050727844,20175000
1.7666670083999634,27633000
1.7666670083999634,25710000
1.7339999675750732,23067000
1.835332989692688,22440000
1.8140000104904173,22134000
1.8473329544067385,17550000
1.838000059127808,54127500
1.8306670188903809,27141000
1.8739999532699585,13338000
1.8860000371932983,21927000
1.9420000314712524,14200500
1.9346669912338257,12823500
1.942667007446289,14940000
1.9306670427322388,13903500
1.98199999332428,19918500
1.920667052268982,18609000
1.8899999856948853,14637000
1.878000020980835,15681000
1.9093329906463623,15990000
1.8406670093536377,17385000
1.838667035102844,10635000
1.8153330087661743,12778500
1.859333038330078,15391500
1.9126670360565183,45724500
1.9133330583572388,15172500
1.952666997909546,8752500
1.8993330001831052,10099500
1.8666670322418213,11409000
1.8426669836044312,14377500
1.878000020980835,14080500
1.878000020980835,14223000
1.9179999828338623,17473500
1.8226670026779173,23241000
1.8133330345153809,26917500
1.649999976158142,45967500
1.616000056266785,29466000
1.5759999752044678,39127500
1.670667052268982,20001000
1.5880000591278076,23463000
1.6866669654846191,12547500
1.753999948501587,15136500
1.7486670017242432,11079000
1.7400000095367432,8065500
1.722000002861023,9655500
1.6173330545425415,15849000
1.4866670370101929,20629500
1.463333010673523,14791500
1.5306669473648071,13035000
1.591333031654358,10264500
1.5406670570373535,10197000
1.5820000171661377,11427000
1.647333025932312,12051000
1.6419999599456787,5493000
1.6493330001831057,12357000
1.600000023841858,12721500
1.537999987602234,11548500
1.529332995414734,12147000
1.5893330574035645,6888000
1.5740000009536743,7585500
1.5313329696655271,10039500
1.525333046913147,8499000
1.6053329706192017,10897500
1.6226669549942017,12462000
1.6546670198440552,8439000
1.7200000286102295,21256500
1.718000054359436,17361000
1.7339999675750732,17706000
1.7233330011367798,14814000
1.7086670398712158,11637000
1.7586669921875,17346000
1.7013330459594729,14022000
1.746000051498413,10117500
1.6393330097198486,10849500
1.6080000400543213,13944000
1.6260000467300415,20041500
1.5820000171661377,15348000
1.5773329734802246,18004500
1.6913330554962158,18442500
1.797333002090454,26536500
1.7993329763412476,19674000
1.858667016029358,13852500
1.8406670093536377,8635500
1.853332996368408,16851000
1.8626669645309448,15652500
1.870000004768372,21007500
1.8279999494552608,11317500
1.8893330097198489,14995500
1.838000059127808,11893500
1.8226670026779173,14995500
1.8686670064926147,17139000
1.9033329486846924,14109000
1.8833329677581787,9816000
1.8653329610824585,7657500
1.9173330068588257,13041000
1.9913330078125,18960000
1.9579999446868896,17010000
1.925333023071289,9528000
1.9140000343322756,13129500
2.1640000343322754,37645500
2.1540000438690186,45493500
2.084666967391968,18994500
2.122667074203491,17518500
2.058666944503784,14305500
2.0886669158935547,11209500
2.242666959762573,58024500
2.2146670818328857,19885500
2.26200008392334,13365000
2.329333066940308,27498000
2.245332956314087,20239500
2.173332929611206,13542000
2.117332935333252,15474000
2.138000011444092,10989000
2.096667051315308,6777000
2.110666990280152,3594000
2.1706669330596924,10218000
2.1166670322418213,8866500
2.182667016983032,11404500
2.173332929611206,15453000
2.220000028610229,12042000
2.2946670055389404,17401500
2.324666976928711,14277000
2.2793331146240234,10114500
2.059333086013794,49587000
2.069333076477051,18592500
2.0273330211639404,11380500
1.963333010673523,14911500
1.9019999504089355,17458500
1.9079999923706052,10504500
1.8666670322418213,15445500
1.850000023841858,14805000
1.8600000143051147,12649500
1.838000059127808,25582500
1.8513330221176147,15141000
1.8600000143051147,8871000
1.9046670198440552,11662500
1.9006669521331787,8628000
1.915333032608032,7323000
1.9040000438690183,5097000
1.871999979019165,13921500
1.8473329544067385,9451500
1.807999968528748,15082500
1.7940000295639038,14794500
1.816666960716248,13455000
1.841333031654358,10077000
1.8819999694824217,10084500
1.8833329677581787,10939500
1.519333004951477,82506000
1.773332953453064,69774000
1.7873330116271973,18903000
1.784000039100647,18694500
1.773332953453064,9934500
1.7846670150756836,8919000
1.8279999494552608,12870000
1.864667057991028,9168000
1.929332971572876,19066500
1.95533299446106,11226000
1.9713330268859863,10935000
1.937999963760376,14346000
1.972000002861023,7848000
2.016666889190674,12085500
2.076667070388794,11467500
2.119999885559082,9781500
2.1066670417785645,15324000
2.128667116165161,9355500
2.171999931335449,19156500
2.0733330249786377,28113000
2.0993330478668213,17368500
2.211333036422729,27162000
2.240000009536743,41427000
2.2786669731140137,33295500
2.3313329219818115,20650500
2.299999952316284,17037000
2.281332969665528,24819000
2.302000045776367,12306000
2.25,14398500
2.2413330078125,9090000
2.253999948501587,9183000
2.227333068847656,8035500
2.2939999103546143,10552500
2.2693328857421875,8250000
2.251332998275757,7005000
2.2073330879211426,8607000
2.2079999446868896,5473500
2.204667091369629,9499500
2.315999984741211,23301000
2.4006669521331787,29449500
2.4059998989105225,15024000
2.352667093276977,12772500
2.3333330154418945,8574000
2.354666948318481,10939500
2.3320000171661377,15234000
2.330667018890381,8505000
2.343333005905152,9108000
2.293333053588867,7836000
2.2720000743865967,17559000
2.493333101272583,47107500
2.5293331146240234,38088000
2.523333072662353,14325000
2.4886670112609863,11946000
2.4826669692993164,13296000
2.438667058944702,15429000
2.5339999198913574,16471500
2.3333330154418945,67227000
2.298666954040528,22641000
2.2100000381469727,24835500
2.1640000343322754,27715500
2.2060000896453857,16582500
2.22933292388916,15508500
2.239332914352417,9744000
2.150000095367432,16494000
2.149333000183105,16732500
2.177333116531372,12346500
2.21066689491272,11623500
2.21066689491272,12327000
2.129333019256592,13362000
2.121332883834839,10117500
2.194000005722046,10683000
2.2326669692993164,6379500
2.22266697883606,8865000
2.208667039871216,6208500
2.252000093460083,9885000
2.262666940689087,7459500
2.1640000343322754,12619500
2.121999979019165,18712500
2.1646668910980225,17370000
2.012666940689087,46458000
2.003999948501587,29218500
2.1973330974578857,83344500
2.150000095367432,18319500
2.003999948501587,20713500
1.962000012397766,23785500
1.9453330039978027,18856500
1.9046670198440552,17235000
1.8373329639434812,24247500
1.9179999828338623,22128000
2.053333044052124,35493000
2.068000078201294,18306000
2.018666982650757,16134000
1.987333059310913,11355000
2.1126670837402344,24750000
2.0273330211639404,19608000
1.9666670560836792,16780500
1.876667022705078,13287000
1.858667016029358,15463500
1.8606669902801516,9463500
1.9479999542236328,13648500
1.928666949272156,7381500
2.005332946777344,13216500
1.941333055496216,9540000
1.9773329496383667,8535000
1.9846669435501096,12661500
1.9593329429626465,13083000
1.99399995803833,9702000
2.122667074203491,18852000
2.1393330097198486,13666500
2.252000093460083,51336000
2.1459999084472656,28378500
2.25266695022583,45699000
2.2073330879211426,22477500
2.107332944869995,39208500
2.130666971206665,15708000
2.094000101089477,13711500
2.0859999656677246,16887000
2.0266671180725098,19734000
2.0439999103546143,14205000
2.0820000171661377,18807000
2.065999984741211,11767500
2.0993330478668213,13657500
2.084666967391968,11376000
2.1006669998168945,9579000
2.180000066757202,16885500
2.2833330631256104,19572000
2.3973329067230225,26160000
2.2233328819274902,38539500
2.1433329582214355,43228500
2.1513330936431885,21538500
2.119333028793335,23527500
2.0439999103546143,20802000
1.9893330335617063,22504500
1.9299999475479128,42633000
1.8753329515457156,33934500
1.9673329591751096,25095000
1.8233330249786377,30978000
1.8279999494552608,23626500
1.75,23884500
1.7400000095367432,19576500
1.8179999589920044,18142500
1.8846670389175413,22923000
2.016666889190674,35808000
1.9393329620361328,19633500
1.9606670141220093,10089000
1.996000051498413,10611000
2.078000068664551,13051500
1.9613330364227293,11901000
1.9600000381469729,7881000
2.0199999809265137,10035000
2.000667095184326,7623000
1.9673329591751096,17686500
1.940667033195496,11424000
1.9966670274734497,11632500
2.048666954040528,22065000
1.9666670560836792,21441000
1.888000011444092,20256000
1.9126670360565183,21040500
1.8940000534057615,12583500
1.8940000534057615,9846000
1.901332974433899,8097000
1.8760000467300413,11287500
1.8626669645309448,9589500
1.9033329486846924,12625500
1.9566669464111328,14298000
1.824666976928711,22249500
1.853332996368408,15223500
1.885332942008972,17178000
1.9653329849243164,22270500
2.026000022888184,23049000
2.169332981109619,48192000
2.0893330574035645,26827500
2.069999933242798,15727500
2.059999942779541,13686000
2.001332998275757,28050000
2.0439999103546143,19528500
1.843999981880188,85206000
1.8359999656677248,22908000
1.8993330001831052,26379000
1.9520000219345093,65151000
1.944000005722046,13266000
1.9866670370101929,10935000
1.953333020210266,15792000
1.9600000381469729,23119500
1.9259999990463257,14079000
1.950000047683716,13345500
1.891332983970642,17895000
1.8933329582214355,7554000
1.888000011444092,6759000
1.8426669836044312,14814000
1.8220000267028809,22030500
1.870666980743408,7189500
1.9213329553604128,10020000
1.869333028793335,11115000
1.8493330478668213,15411000
1.8566670417785645,7053000
1.8926670551300049,11235000
1.8279999494552608,15246000
1.834666967391968,8665500
1.8253329992294312,7161000
1.8753329515457156,11628000
1.950000047683716,15361500
1.9279999732971191,15454500
2.0999999046325684,30733500
2.076667070388794,34860000
2.102667093276977,25717500
2.087332963943481,19110000
2.0213329792022705,12945000
2.0713329315185547,8338500
2.107332944869995,14974500
2.0920000076293945,13069500
2.0546669960021973,14760000
2.122667074203491,13630500
2.194667100906372,20886000
2.200000047683716,13837500
2.1646668910980225,14448000
2.1419999599456787,6454500
2.1513330936431885,7437000
2.1433329582214355,13662000
2.2153329849243164,22878000
2.246000051498413,16551000
2.254667043685913,21304500
2.308000087738037,31285500
2.259999990463257,18949500
2.24733304977417,9922500
2.259999990463257,9906000
2.2780001163482666,9966000
2.3046669960021973,13947000
2.351999998092652,23589000
2.3506669998168945,30957000
2.2406671047210693,32269500
2.253999948501587,15345000
2.293333053588867,12373500
2.305999994277954,23308500
2.307332992553711,19482000
2.295332908630371,13818000
2.266666889190674,22386000
2.2853329181671143,5637000
2.239332914352417,9021000
2.246000051498413,8416500
2.2146670818328857,6211500
2.257999897003174,8923500
2.357332944869995,17922000
2.318000078201294,11130000
2.293333053588867,10110000
2.2893331050872803,6630000
2.245332956314087,19260000
2.242666959762573,10470000
2.23533296585083,13837500
2.194000005722046,23448000
2.2173330783843994,13876500
2.259999990463257,24363000
2.273333072662353,20673000
2.2920000553131104,21550500
2.301332950592041,53326500
2.345999956130981,28803000
2.400000095367432,23464500
2.4660000801086426,29556000
2.4653329849243164,19317000
2.5353329181671143,29790000
2.5299999713897705,21399000
2.501332998275757,14521500
2.500667095184326,13521000
2.553333044052124,16509000
2.5160000324249268,16920000
2.5420000553131104,19653000
2.611332893371582,28398000
2.631999969482422,17949000
2.615999937057495,17097000
2.561332941055298,48994500
2.526000022888184,33919500
2.563333034515381,14502000
2.551332950592041,14860500
2.4693329334259038,30264000
2.618666887283325,40521000
2.569333076477051,46830000
2.344000101089477,135567000
2.4073328971862797,38209500
2.2920000553131104,43341000
2.295332908630371,41443500
2.3399999141693115,29388000
2.322000026702881,29473500
2.309999942779541,23199000
2.371999979019165,26365500
2.44333291053772,31305000
2.512666940689087,17250000
2.548666954040528,17374500
2.564666986465454,13681500
2.6066670417785645,23692500
2.6080000400543213,19126500
2.5986669063568115,12330000
2.456666946411133,30315000
2.352667093276977,49194000
2.343333005905152,19741500
2.3386669158935547,16477500
2.396667003631592,21345000
2.4006669521331787,17194500
2.441333055496216,6603000
2.502000093460083,35682000
2.5239999294281006,27123000
2.5439999103546143,19444500
2.526000022888184,17380500
2.9286670684814453,211477500
2.9560000896453857,99786000
2.740000009536743,84654000
2.8006670475006104,33972000
2.757999897003174,23286000
2.7886669635772705,25185000
2.700000047683716,25441500
2.790667057037353,31816500
2.9059998989105225,51711000
2.916666984558105,47241000
2.886667013168335,25221000
3.0393331050872803,47706000
3.0299999713897705,31777500
3.131333112716675,50518500
3.188667058944702,45175500
3.345999956130981,59091000
3.4006669521331787,56007000
3.361999988555908,39450000
3.4666669368743896,41938500
3.413332939147949,54331500
3.662667036056519,54595500
3.5993330478668213,82839000
3.552000045776367,41142000
3.607332944869995,45756000
3.636667013168335,50680500
3.9666669368743896,65500500
3.700666904449463,149865000
3.7193329334259033,101548500
4.626667022705078,429075000
5.117332935333252,376239000
5.853332996368408,336253500
5.549333095550537,557458500
5.656000137329102,253180500
6.150000095367432,324210000
6.099999904632568,285033000
5.995999813079834,125226000
5.8393330574035645,134973000
5.815999984741211,128520000
6.182000160217285,180333000
6.4720001220703125,241863000
7.355332851409912,295378500
6.975333213806152,376492500
6.99666690826416,242005500
6.517333030700684,227580000
6.172667026519775,287094000
6.322667121887207,132841500
6.357999801635742,183372000
6.489999771118164,142663500
6.802667140960693,160674000
6.670000076293945,138429000
6.297999858856201,110910000
6.51533317565918,137890500
6.545332908630371,89424000
6.686666965484619,98470500
6.813333034515381,105993000
6.892666816711426,131929500
6.97866678237915,128683500
6.710000038146973,151597500
6.636666774749756,175779000
6.765999794006348,106797000
6.826666831970215,87730500
7.047999858856201,99039000
7.283332824707031,131173500
7.157332897186279,86229000
7.811999797821045,163554000
7.854667186737059,180961500
7.682666778564453,72100500
8.005999565124512,102280500
8.107333183288574,117213000
8.229999542236328,129049500
8.15133285522461,84001500
8.37399959564209,112254000
8.65999984741211,170160000
8.484000205993652,148836000
7.269999980926514,485578500
8.016667366027832,390435000
7.935332775115967,170971500
7.97866678237915,88354500
8.161999702453613,146967000
8.182666778564453,116046000
8.113332748413086,103035000
8.271332740783691,79264500
8.62600040435791,144496500
8.974666595458984,145183500
8.78266716003418,196905000
8.95199966430664,95275500
9.036666870117188,79854000
9.199999809265137,94048500
9.645333290100098,153010500
9.476667404174805,138817500
8.9486665725708,273183000
10.232000350952148,408702000
10.199999809265137,133915500
9.825332641601562,223683000
9.695332527160645,131233500
9.290666580200195,175407000
9.31133270263672,152688000
9.466667175292969,106621500
9.65999984741211,120565500
9.972000122070312,96273000
9.857333183288574,93994500
10.473333358764648,158886000
10.78933334350586,193978500
10.947999954223633,362566500
11.133999824523926,263503500
11.096667289733888,221101500
11.070667266845703,141540000
11.266667366027832,165426000
11.262666702270508,180916500
11.374667167663574,172135500
11.32866668701172,100279500
11.131333351135254,129295500
10.713333129882812,215167500
11.091333389282228,134517000
10.90133285522461,87487500
10.995332717895508,92400000
11.03600025177002,81018000
11.10533332824707,113623500
11.08199977874756,82453500
11.08133316040039,81595500
11.861332893371582,233919000
12.22599983215332,201025500
12.074000358581545,122601000
12.155332565307615,94101000
12.349332809448242,123790500
12.576000213623049,99216000
12.726667404174805,88746000
12.891332626342772,133870500
12.866666793823242,116338500
12.063332557678224,311631000
11.553999900817873,357247500
12.065333366394045,216210000
12.204667091369627,172284000
11.648667335510254,206358000
11.251999855041504,229747500
11.528667449951172,133258500
11.91333293914795,124666500
11.981332778930664,116544000
12.262666702270508,164677500
12.237333297729492,123081000
12.186667442321776,100575000
12.226667404174805,88962000
11.506667137145996,172981500
11.435999870300291,170800500
10.966667175292969,199806000
11.543333053588867,162385500
11.310667037963867,113932500
10.857333183288574,117625500
10.964667320251465,211675500
10.614666938781738,126027000
10.662667274475098,140007000
10.81133270263672,107709000
11.68000030517578,196806000
11.78733253479004,337006500
10.077333450317385,466075500
9.317999839782717,334270500
9.196666717529297,337168500
9.646666526794434,209964000
9.186667442321776,224778000
9.24666690826416,189874500
9.173333168029783,183055500
9.029999732971191,148503000
8.10533332824707,347073000
8.406000137329102,297243000
8.074000358581543,207744000
8.140000343322754,178557000
8.092000007629395,166450500
8.055999755859375,154009500
8.033332824707031,208282500
8.462667465209961,185514000
8.485333442687988,145743000
8.277999877929688,116268000
9.646666526794434,385236000
9.263333320617676,197215500
9.36533260345459,139326000
9.157333374023438,118644000
9.4399995803833,135922500
9.47933292388916,161223000
9.3100004196167,107067000
9.83133316040039,161517000
9.84333324432373,158878500
9.862667083740234,100129500
10.163999557495115,157425000
9.86533260345459,173728500
9.381333351135254,191100000
9.54933261871338,111189000
9.56999969482422,80782500
10.093999862670898,149122500
10.366666793823242,106942500
10.074666976928713,81903000
10.162667274475098,67012500
10.028667449951172,63936000
10.006667137145996,92826000
9.970666885375977,70425000
9.800000190734863,80416500
9.957332611083984,75511500
10.085332870483398,92448000
9.835332870483398,80730000
9.714667320251465,111691500
9.28933334350586,94741500
10.751333236694336,414105000
10.94200038909912,306984000
11.39799976348877,179391000
11.333999633789062,138093000
11.778667449951172,146020500
11.904000282287598,105339000
12.100000381469728,118011000
11.640000343322754,114964500
11.30799961090088,130746000
11.892000198364258,91401000
11.682000160217283,89032500
12.189332962036133,128475000
12.093999862670898,97632000
11.807332992553713,101473500
11.915332794189451,70294500
11.628000259399414,109020000
11.892000198364258,87624000
12.435333251953123,133927500
13.104000091552734,194560500
13.107999801635742,160648500
13.021332740783691,77605500
13.308667182922363,120439500
13.215332984924316,92370000
13.579999923706056,139992000
12.90933322906494,242535000
13.998000144958496,270034500
13.973333358764648,117282000
14.510000228881836,124176000
16.53333282470703,490225500
16.866666793823242,369069000
16.836000442504883,269187000
16.320667266845703,218847000
16.70400047302246,196339500
16.98933219909668,131184000
16.8439998626709,89035500
16.862667083740234,110416500
16.413999557495117,117184500
15.922666549682615,115921500
15.62733268737793,132151500
16.099332809448242,146316000
15.852666854858398,93544500
15.39799976348877,124345500
15.59866714477539,88689000
16.002666473388672,93634500
15.72266674041748,76069500
15.660667419433594,57268500
15.259332656860352,123253500
14.678000450134276,169932000
14.696000099182127,117981000
14.197333335876465,103609500
13.821332931518556,142435500
14.157999992370604,145272000
13.896666526794434,125700000
14.464667320251465,110571000
15.352666854858398,161734500
15.026666641235352,163855500
14.148667335510254,170184000
13.834667205810549,147832500
14.36400032043457,103339500
14.461999893188477,77368500
13.612667083740234,108172500
13.585332870483398,136008000
13.206000328063965,115545000
12.927332878112791,204889500
13.27400016784668,108033000
13.208000183105469,88902000
13.625332832336426,78873000
14.576000213623049,147070500
13.866000175476074,109434000
13.857333183288574,82428000
13.32333278656006,104950500
13.234000205993652,105630000
13.79466724395752,86686500
13.859333038330078,66609000
13.84866714477539,81598500
14.060667037963867,61302000
14.440667152404783,77205000
13.8186674118042,84550500
13.423333168029783,152689500
11.906000137329102,300849000
12.150667190551758,127428000
12.31133270263672,105034500
12.677332878112791,106458000
12.708000183105469,81100500
12.572667121887209,90606000
12.77066707611084,67315500
13.072667121887209,68575500
13.020000457763672,83191500
13.296667098999023,79281000
13.658666610717772,93217500
13.81999969482422,60102000
14.104000091552734,80116500
14.015999794006348,82426500
14.015999794006348,55387500
13.851332664489746,83716500
13.646666526794434,70021500
13.662667274475098,57912000
13.599332809448242,51411000
13.793333053588867,60819000
13.878000259399414,46107000
13.687333106994627,42085500
13.486666679382324,52720500
13.631333351135254,59662500
13.567999839782717,89905500
13.761333465576172,53164500
14.973999977111816,198696000
15.444666862487791,199573500
15.141332626342772,104103000
15.185999870300291,131896500
15.305999755859377,73558500
15.814666748046877,116866500
15.5,121138500
15.792667388916016,87024000
15.706666946411133,76821000
15.937333106994627,84525000
16.003999710083008,72429000
15.981332778930664,65041500
15.295332908630373,120411000
15.283332824707031,77500500
14.843999862670898,88405500
14.604666709899902,117543000
14.870667457580566,61731000
14.630666732788086,72958500
14.541999816894531,49534500
15.113332748413086,108048000
14.638667106628418,85777500
14.477333068847656,60667500
14.359999656677246,69741000
14.66800022125244,63805500
14.702667236328123,57333000
14.638667106628418,40950000
14.832667350769045,46249500
14.902667045593262,48682500
14.904666900634766,46306500
14.98799991607666,97714500
15.000666618347168,50736000
15.261333465576172,73917000
14.886667251586914,116236500
15.5513334274292,178437000
15.90133285522461,89395500
15.899333000183104,80829000
16.595333099365234,138739500
16.826000213623047,112183500
16.54199981689453,76351500
17.288000106811523,121519500
17.33066749572754,95734500
17.354000091552734,103989000
17.42533302307129,61899000
17.46733283996582,58018500
17.32933235168457,87738000
17.117332458496094,80022000
17.047332763671875,45418500
16.95599937438965,43734000
17.118667602539062,42501000
17.503332138061523,64771500
17.44933319091797,57270000
17.549999237060547,44776500
17.590667724609375,42673500
17.979999542236328,96706500
18.941333770751957,147786000
18.746000289916992,101584500
19.06933212280273,125125500
18.49266624450684,167548500
18.80733299255371,82524000
18.565332412719727,68382000
18.739999771118164,56719500
18.687332153320312,56491500
18.61333274841309,49869000
16.923999786376953,246831000
17.382667541503906,124501500
17.42533302307129,77665500
17.58799934387207,55389000
17.288000106811523,102163500
16.66866683959961,123211500
16.694000244140625,84880500
16.80933380126953,56242500
16.463333129882812,72513000
16.440000534057617,56931000
16.35066795349121,72790500
16.178667068481445,63574500
16.016000747680664,89125500
16.761333465576172,134973000
17.013999938964844,81094500
17.374666213989258,115699500
17.30466651916504,67282500
17.28533363342285,75826500
17.134000778198242,110419500
15.793999671936035,193324500
14.97266674041748,169030500
15.137332916259766,106579500
15.313332557678224,137209500
15.09000015258789,80989500
15.165332794189451,158241000
15.364666938781738,52416000
15.689332962036133,61954500
15.40666675567627,61749000
15.685999870300291,52386000
15.682666778564451,51949500
14.777999877929688,143299500
16.184667587280273,157744500
15.873332977294922,74437500
15.910667419433594,48426000
16.113332748413086,56629500
16.172666549682617,63057000
15.928667068481444,55239000
15.39799976348877,135688500
16.08133316040039,230320500
16.01333236694336,77415000
16.1286678314209,68658000
16.738666534423828,119232000
16.606666564941406,88062000
16.780000686645508,93540000
17.245332717895508,91516500
16.93199920654297,60385500
17.18000030517578,67095000
16.516000747680664,118777500
16.58066749572754,53808000
16.185333251953125,112276500
16.447999954223633,71845500
16.53933334350586,47397000
16.562667846679688,29718000
16.301332473754883,31795500
15.442667007446287,129291000
15.428667068481444,88305000
15.286666870117188,79615500
15.218667030334473,57834000
14.913999557495115,90954000
14.290666580200195,138384000
14.459333419799805,141472500
13.989333152770996,109711500
13.925333023071287,100416000
13.800000190734863,107607000
13.602666854858398,78274500
13.187333106994627,126391500
13.721332550048828,110517000
14.550666809082031,112249500
14.619333267211914,103657500
14.84000015258789,71991000
14.731332778930664,67585500
14.817333221435549,19983000
15.187999725341797,49905000
15.047332763671877,42037500
14.815333366394045,43548000
14.827333450317385,34462500
14.620667457580566,71466000
14.005999565124512,80527500
14.085332870483398,93928500
14.063332557678224,44526000
14.041333198547363,51637500
13.77733325958252,70024500
13.480667114257812,89254500
13.616666793823242,67159500
12.845999717712402,173278500
12.791333198547363,78247500
12.871333122253418,54048000
12.795332908630373,67548000
13.104666709899902,62295000
13.441332817077637,61753500
13.419333457946776,51579000
13.770000457763672,48517500
13.732000350952148,41715000
13.291333198547363,47244000
13.68000030517578,53221500
13.57333278656006,45105000
14.062666893005373,62238000
14.557332992553713,72393000
14.56999969482422,49581000
14.732666969299316,52843500
14.490667343139648,48658500
14.498666763305664,52086000
14.419333457946776,80857500
14.186667442321776,146536500
13.525333404541016,234744000
13.584667205810549,92865000
13.623332977294922,59694000
13.630666732788086,40704000
14.11400032043457,77311500
14.473999977111816,89731500
13.822667121887209,127497000
13.607333183288574,99054000
13.583999633789062,58642500
13.812666893005373,97093500
13.555999755859377,58231500
13.155332565307615,118831500
13.303999900817873,66484500
13.496000289916992,63330000
13.375332832336426,73155000
12.925333023071287,100686000
12.725333213806152,101050500
12.687999725341797,83695500
12.916000366210938,74623500
12.73799991607666,62239500
12.57866668701172,81514500
13.046667098999023,84432000
12.982000350952148,73411500
13.380666732788086,72313500
13.043333053588867,127128000
13.20533275604248,64042500
13.308667182922363,39474000
13.447999954223633,54748500
12.953332901000977,85956000
12.694000244140623,61920000
12.333333015441896,129073500
12.704667091369627,151342500
12.584667205810549,75399000
12.505999565124512,56919000
12.733332633972168,75156000
13.539999961853027,186837000
13.550000190734863,65218500
13.844667434692385,94546500
14.005999565124512,57003000
14.0600004196167,61015500
13.985333442687988,56373000
13.830666542053224,45390000
13.85533332824707,29286000
13.779999732971191,24886500
13.78600025177002,37048500
13.684666633605955,38389500
13.96066665649414,51487500
14.629332542419434,117945000
14.57333278656006,66168000
14.562000274658203,36417000
15.436667442321776,175089000
15.36533260345459,91281000
15.49666690826416,59041500
15.06999969482422,58678500
15.0686674118042,79225500
15.36733341217041,66519000
15.529999732971191,86953500
15.362000465393066,79063500
15.786666870117188,141838500
15.77400016784668,70023000
15.965999603271484,85084500
16.31599998474121,95451000
16.211999893188477,81603000
16.273332595825195,43438500
16.589332580566406,67914000
16.583332061767578,50298000
16.47599983215332,55113000
16.290000915527344,56334000
16.374666213989258,29559000
16.51533317565918,33346500
16.497333526611328,52480500
16.495332717895508,51123000
16.76333236694336,54709500
16.719999313354492,56839500
16.6299991607666,37576500
16.55666732788086,32022000
16.599332809448242,26722500
16.39466667175293,36804000
16.609333038330078,45330000
17.086000442504883,75255000
17.066667556762695,39166500
16.713333129882812,51817500
16.76066780090332,30661500
16.71266746520996,21334500
16.691999435424805,32793000
16.874666213989258,29770500
17.360666275024414,82693500
17.459333419799805,41740500
17.500667572021484,36945000
17.319332122802734,68416500
17.844667434692383,58062000
17.67799949645996,36184500
17.91933250427246,42738000
17.805999755859375,57576000
17.468000411987305,52183500
17.884000778198242,46303500
17.94333267211914,31518000
18.667999267578125,107458500
18.64800071716309,61828500
17.858667373657227,91576500
16.997333526611328,93316500
17.19466781616211,50011500
17.27666664123535,39163500
17.477333068847656,44404500
17.709999084472656,28614000
17.542667388916016,30324000
17.778667449951172,24240000
18.310667037963867,75061500
18.817333221435547,74677500
17.784666061401367,91630500
17.857999801635742,46575000
17.81333351135254,33408000
17.694000244140625,42547500
16.867332458496094,70413000
17.654666900634766,58437000
17.58799934387207,41851500
17.785999298095703,30519000
17.74333381652832,33339000
17.332666397094727,38302500
17.75200080871582,35287500
18.0086669921875,93214500
16.408666610717773,219357000
16.167333602905273,76101000
16.076000213623047,62788500
15.824666976928713,63973500
15.878000259399414,55920000
16.167333602905273,70338000
16.209999084472656,65472000
16.999332427978516,107650500
17.381332397460938,62925000
17.016666412353516,54064500
16.14533233642578,73587000
15.38466739654541,98853000
14.591333389282228,143724000
14.66866683959961,64909500
14.989333152770996,74445000
16.19933319091797,114840000
16.565332412719727,82705500
16.604000091552734,70503000
15.908666610717772,81822000
16.512666702270508,69438000
16.3713321685791,62922000
16.1286678314209,55338000
16.544666290283203,47073000
16.5939998626709,50862000
16.565332412719727,40635000
16.682666778564453,35262000
16.87933349609375,43363500
16.904666900634766,44002500
17.483333587646484,66256500
17.471332550048828,53787000
17.374666213989258,56446500
17.613332748413086,91803000
17.395999908447266,54966000
17.40399932861328,39012000
17.541332244873047,51723000
17.12733268737793,56601000
16.562000274658203,73516500
16.44333267211914,55548000
16.559999465942383,73944000
15.991999626159668,68595000
16.504667282104492,66360000
16.40999984741211,55348500
16.097333908081055,78378000
15.46399974822998,102210000
15.114666938781738,91998000
14.71266746520996,92376000
14.371999740600586,57544500
14.616666793823242,77572500
14.458666801452637,46566000
14.753999710083008,42663000
15.133999824523926,65017500
15.206666946411133,37618500
14.20199966430664,223500000
14.005999565124512,62272500
14.114666938781738,42378000
13.939332962036133,63532500
14.350666999816896,50871000
14.023332595825195,52791000
14.197333335876465,40929000
14.108667373657228,27075000
13.795332908630373,66583500
14.252667427062988,58918500
13.890000343322754,124987500
15.44200038909912,190896000
15.451333045959473,67452000
15.490667343139648,36679500
15.022000312805176,57763500
14.43333339691162,69255000
14.60533332824707,50217000
14.196000099182127,43738500
13.812666893005373,51454500
14.28733253479004,43881000
14.266667366027832,32230500
14.73799991607666,42178500
14.786666870117188,37566000
14.667332649230955,66010500
14.516667366027832,37893000
14.550000190734863,37204500
15.309332847595217,59862000
15.440667152404783,29241000
15.350666999816896,39897000
15.812666893005373,56010000
15.465999603271484,44722500
15.513999938964844,44094000
15.358667373657228,38604000
15.408666610717772,47163000
15.114666938781738,40314000
14.968000411987305,45867000
15.137999534606934,31075500
14.468000411987305,49030500
14.571999549865724,42406500
14.739333152770996,33666000
15.633999824523926,76564500
15.559332847595217,49479000
15.36400032043457,45213000
15.503999710083008,29298000
15.329999923706056,29422500
15.313332557678224,23325000
15.371333122253418,10620000
15.263333320617676,28519500
15.812666893005373,36094500
15.87266731262207,55468500
16.000667572021484,40725000
14.894000053405762,102406500
14.895333290100098,47802000
14.602666854858398,56686500
14.376667022705078,53314500
14.06666660308838,54421500
13.856666564941406,61371000
13.998000144958496,46378500
13.354000091552734,61896000
13.745332717895508,97360500
13.666000366210938,83679000
13.64799976348877,60580500
13.24666690826416,87579000
13.33133316040039,47493000
13.50333309173584,46861500
13.092000007629396,40480500
12.904000282287598,74463000
12.538000106811523,54258000
12.646666526794434,68892000
12.74666690826416,42784500
13.129332542419434,79464000
12.185333251953123,86604000
11.565333366394045,118971000
11.68866729736328,65781000
10.84000015258789,141564000
9.866000175476074,139695000
9.883333206176758,129774000
9.57800006866455,156097500
10.031332969665527,213786000
10.06933307647705,108537000
10.344667434692385,83907000
11.245332717895508,87378000
11.118000030517578,58314000
11.10533332824707,44391000
11.849332809448242,75901500
11.814000129699709,89766000
11.93333339691162,80934000
12.495332717895508,86260500
12.689332962036133,90976500
12.795332908630373,67485000
12.423333168029783,100683000
12.555999755859377,72936000
13.04933261871338,72435000
13.402667045593262,97336500
13.685999870300291,79941000
13.506667137145996,62680500
13.914667129516602,48129000
13.678667068481444,77887500
13.833333015441896,50146500
14.34333324432373,60985500
14.555999755859377,47707500
14.795332908630373,52750500
15.092000007629396,56743500
15.515999794006348,70677000
15.887999534606934,79617000
15.616000175476074,64740000
14.838666915893556,74232000
15.18333339691162,74413500
15.350666999816896,58885500
15.342000007629396,60214500
15.12600040435791,60495000
15.317999839782717,120193500
15.839332580566406,239962500
16.465999603271484,202129500
17.031333923339844,149230500
17.69466781616211,175582500
17.14666748046875,132843000
16.67133331298828,110458500
16.661333084106445,137425500
16.521333694458008,86448000
16.968666076660156,73884000
16.790666580200195,61983000
16.96733283996582,56286000
16.92533302307129,64071000
16.4913330078125,95362500
16.6646671295166,77911500
16.55266761779785,41746500
16.916667938232422,56794500
16.788000106811523,55054500
16.916000366210938,48357000
16.764667510986328,48087000
16.513999938964844,37785000
16.05066680908203,81207000
16.1200008392334,57658500
15.48799991607666,64533000
14.837332725524902,130507500
14.10200023651123,168822000
14.32866668701172,85278000
13.928000450134276,71646000
13.912667274475098,61059000
13.93066692352295,77428500
13.8186674118042,54757500
13.84066677093506,42342000
13.88599967956543,44241000
13.644000053405762,42654000
14.07800006866455,84262500
14.347332954406738,102994500
14.685333251953123,135106500
14.414667129516602,76537500
14.52733325958252,45207000
14.638667106628418,46902000
15.008000373840332,61086000
14.869333267211914,54754500
14.881999969482422,41835000
14.637332916259766,44740500
14.597332954406738,30492000
14.599332809448242,33435000
14.711999893188477,33742500
15.489333152770996,93204000
15.701333045959473,89580000
15.290666580200195,67381500
14.586000442504885,90399000
14.524666786193848,62895000
14.330666542053224,53703000
14.513333320617676,43627500
14.528667449951172,36604500
14.364666938781738,46689000
14.646666526794434,53332500
14.640666961669922,67935000
13.11066722869873,356136000
13.09333324432373,151960500
12.876667022705078,105397500
13.236666679382324,108081000
13.452667236328123,93186000
14.012666702270508,89923500
14.152000427246094,72646500
14.43333339691162,81000000
14.26533317565918,77629500
14.29599952697754,73798500
14.395999908447266,54180000
14.45199966430664,61122000
14.985333442687988,81447000
14.976667404174805,68569500
14.835332870483398,53506500
14.768667221069336,40137000
14.69333267211914,33513000
15.083333015441896,51181500
15.017333030700684,46726500
15.223999977111816,38527500
14.699999809265137,66430500
14.817999839782717,38695500
15.333999633789062,67360500
15.300666809082031,51450000
15.232666969299316,43335000
15.37399959564209,36286500
15.652667045593262,46062000
15.333999633789062,60244500
15.146666526794434,59016000
15.052666664123535,58317000
15.37399959564209,62205000
15.335332870483398,48078000
15.077333450317385,33954000
15.272000312805176,33117000
15.043333053588867,35074500
14.994000434875488,28213500
15.040666580200195,27202500
15.03933334350586,30514500
14.907333374023438,34006500
14.88266658782959,26806500
14.900667190551758,25717500
15.0,24892500
14.862000465393066,30982500
14.989333152770996,71766000
14.841333389282228,38560500
14.730667114257812,26437500
14.666000366210938,33585000
14.346667289733888,48994500
14.089332580566406,47533500
14.133999824523926,49147500
13.38466739654541,119146500
13.185333251953123,89661000
13.522000312805176,65859000
13.447333335876465,54613500
13.157333374023438,50668500
12.964667320251465,56355000
13.220000267028809,55728000
13.06999969482422,53841000
13.093999862670898,33817500
13.361332893371582,46158000
13.69333267211914,46617000
13.755999565124512,34492500
13.642666816711426,36157500
13.6813325881958,39502500
13.76200008392334,35743500
13.829999923706056,43578000
13.932666778564451,35916000
13.720666885375977,50598000
13.751333236694336,31326000
13.380000114440918,40905000
13.60200023651123,38794500
14.24666690826416,89998500
14.093999862670898,53122500
13.897333145141602,28162500
13.399999618530272,70551000
13.107333183288574,52395000
13.396666526794434,49744500
13.34000015258789,34926000
13.434000015258787,29560500
13.349332809448242,37419000
13.100666999816896,64048500
12.93066692352295,68311500
13.273332595825195,85207500
13.570667266845703,104868000
13.273332595825195,76093500
13.339332580566406,44151000
13.517333030700684,41274000
13.489333152770996,36675000
13.482666969299316,84492000
13.600666999816896,196405500
13.33133316040039,64201500
13.182000160217283,70384500
12.719332695007324,105900000
12.534667015075684,63801000
12.494667053222656,39795000
12.70400047302246,77190000
12.880666732788086,58051500
12.996000289916992,49014000
12.670666694641112,122596500
12.356666564941406,101254500
12.570667266845703,59827500
12.096667289733888,98283000
12.251333236694336,58530000
12.26200008392334,51516000
12.577333450317385,73306500
12.334667205810549,78154500
12.3013334274292,65415000
12.744667053222656,84051000
12.87600040435791,73378500
13.109999656677246,35491500
13.074666976928713,67938000
12.637999534606934,66589500
12.626667022705078,53206500
12.125332832336426,76896000
12.097999572753906,60634500
12.453332901000977,61083000
12.390000343322754,50874000
12.876667022705078,81928500
12.81933307647705,47911500
12.812000274658203,40837500
12.82866668701172,36583500
13.210000038146973,102358500
13.246000289916992,62263500
13.17199993133545,48294000
13.499333381652832,56953500
13.51533317565918,52321500
13.919333457946776,70336500
13.846667289733888,78114000
13.896666526794434,46666500
14.22266674041748,70057500
14.635333061218262,88735500
14.649333000183104,56737500
14.312000274658203,60675000
14.246000289916992,69639000
14.465999603271484,88849500
15.13266658782959,168202500
15.116666793823242,88675500
15.267333030700684,82918500
15.41866683959961,59692500
15.324666976928713,54900000
15.315333366394045,54762000
15.305999755859377,56853000
15.850000381469728,91395000
15.70533275604248,69262500
15.890666961669922,56535000
16.250667572021484,115984500
16.315332412719727,63064500
16.594667434692383,93943500
16.974000930786133,74482500
16.96466636657715,77139000
16.833999633789062,47281500
16.863332748413086,47494500
16.708667755126953,57016500
16.795333862304688,61741500
16.615999221801758,59382000
16.770000457763672,37497000
16.755332946777344,32800500
17.184667587280273,53437500
17.165332794189453,63672000
17.472000122070312,58995000
17.946666717529297,117303000
17.948667526245117,54295500
18.706666946411133,105444000
18.73200035095215,110178000
18.65066719055176,74218500
17.93000030517578,106159500
18.148666381835938,93856500
18.49266624450684,85150500
18.233999252319336,131325000
17.06599998474121,223728000
17.133333206176758,122574000
16.415332794189453,171912000
16.666000366210938,91171500
16.667999267578125,72142500
16.698667526245117,50277000
16.771333694458008,43791000
16.747333526611328,50332500
16.57266616821289,51892500
16.45800018310547,55878000
16.32666778564453,58189500
16.246000289916992,45994500
16.411333084106445,45339000
17.200000762939453,113976000
17.048667907714844,79962000
17.469999313354492,106983000
17.433332443237305,97462500
17.461332321166992,54214500
16.711999893188477,103629000
17.000667572021484,60889500
16.985332489013672,49803000
17.54400062561035,84709500
18.014667510986328,93462000
18.49666786193848,119814000
18.492000579833984,55143000
18.527999877929688,62226000
18.553333282470703,49419000
19.90133285522461,208329000
20.24666786193848,152019000
19.666667938232425,118213500
19.913333892822266,82809000
20.16933250427246,68694000
20.826000213623047,114967500
20.58066749572754,85869000
19.78933334350586,90760500
20.26666641235352,139269000
20.09600067138672,62080500
20.01666641235352,45535500
20.368000030517575,58470000
20.167333602905277,92241000
20.37333297729492,67647000
20.53533363342285,76252500
20.91933250427246,101065500
20.67799949645996,70425000
20.57533264160156,52029000
20.9379997253418,67582500
21.52199935913086,132444000
21.25933265686035,80742000
20.73466682434082,107001000
19.69733238220215,212280000
20.55666732788086,122659500
20.47933387756348,105097500
21.417333602905277,145147500
21.68133354187012,86124000
21.540000915527344,71307000
21.65399932861328,61824000
21.058666229248047,114330000
21.13400077819824,62287500
20.40733337402344,100678500
20.87066650390625,84807000
20.722000122070312,70314000
20.690000534057617,64938000
20.257333755493164,64776000
20.68133354187012,75499500
21.121999740600582,75210000
21.676000595092773,117033000
22.34000015258789,116743500
22.733999252319336,149451000
22.691333770751957,114120000
22.656667709350582,83853000
23.15466690063477,101766000
23.523332595825195,166302000
23.976667404174805,140970000
24.666667938232425,135922500
23.821332931518555,258921000
23.93400001525879,157765500
25.06333351135254,177118500
25.37733268737793,192276000
25.022666931152344,156397500
24.76000022888184,100965000
24.65333366394043,98239500
24.81599998474121,111580500
25.09333229064941,73848000
25.507333755493164,112947000
25.56333351135254,96687000
25.166000366210938,99061500
24.15800094604492,104946000
24.74933242797852,94537500
24.049999237060547,123315000
24.107332229614254,87727500
23.507999420166016,94581000
21.80599975585937,255700500
20.588666915893555,289867500
20.881332397460938,212653500
21.06999969482422,207313500
21.814666748046875,173391000
21.968000411987305,155191500
21.560667037963867,128917500
21.851999282836918,84378000
21.30466651916504,148153500
21.882667541503903,95605500
21.68400001525879,95355000
21.994667053222656,77493000
21.893333435058597,73524000
22.834667205810547,129556500
22.63999938964844,104838000
22.92333221435547,72312000
22.297332763671875,124536000
22.33799934387207,73206000
21.564666748046875,128026500
21.30466651916504,124546500
21.72599983215332,196372500
23.139333724975582,203025000
23.79400062561035,139033500
23.67799949645996,94867500
24.347999572753903,111747000
24.235332489013672,103381500
23.69333267211914,106393500
23.857999801635746,65487000
24.253332138061523,67788000
24.155332565307617,46276500
24.194000244140625,51207000
23.461332321166992,75415500
23.16399955749512,81123000
22.52400016784668,97431000
22.75666618347168,64830000
23.51799964904785,74317500
23.52866744995117,68770500
23.203332901000977,52260000
23.04400062561035,56460000
23.15733337402344,61105500
23.545333862304688,51193500
23.726667404174805,61092000
23.69333267211914,45742500
23.30599975585937,57526500
22.96866607666016,61371000
23.374000549316406,63588000
22.893333435058597,48952500
24.246000289916992,115006500
24.183332443237305,89593500
24.415332794189453,62778000
25.176000595092773,108037500
25.320667266845703,81307500
25.666667938232425,107820000
25.00666618347168,96778500
24.92733383178711,73786500
24.43199920654297,69273000
23.4060001373291,122391000
22.99933242797852,114088500
23.01666641235352,107344500
22.731332778930664,90904500
22.63999938964844,79794000
22.739999771118164,76606500
22.768667221069336,79302000
23.209333419799805,152304000
23.667333602905277,122452500
23.68866729736328,62575500
23.79199981689453,64462500
22.862667083740234,112405500
23.70599937438965,104677500
23.63999938964844,67512000
23.71199989318848,61305000
23.704666137695312,53107500
23.37333297729492,80632500
23.71666717529297,49399500
23.976667404174805,74086500
23.45400047302246,75927000
23.00666618347168,73956000
22.468000411987305,86209500
22.48933219909668,67375500
21.7226676940918,128911500
21.744667053222656,75352500
21.391332626342773,104695500
21.338666915893555,63816000
22.101999282836918,85084500
21.405332565307617,126859500
19.950666427612305,296871000
20.4060001373291,133410000
20.185333251953125,97290000
20.40333366394043,79414500
20.292667388916016,70879500
20.19933319091797,81706500
20.19933319091797,69381000
21.02666664123535,113773500
20.57999992370605,85141500
20.753332138061523,89680500
20.833332061767575,87331500
21.003332138061523,206026500
20.582666397094727,123715500
21.187332153320312,108919500
20.84000015258789,73764000
21.036666870117188,48661500
21.12066650390625,68338500
21.170000076293945,74242500
20.502666473388672,131511000
20.59000015258789,65274000
20.435333251953125,64393500
20.34666633605957,87526500
20.24666786193848,69697500
20.88400077819824,107929500
20.74933242797852,71709000
21.0086669921875,52027500
21.92733383178711,119070000
22.735332489013672,130998000
22.601999282836918,93322500
22.525999069213867,86998500
22.89666748046875,103998000
22.591333389282227,82143000
22.07333374023437,102375000
21.93199920654297,89307000
22.11066627502441,65778000
21.68000030517578,63237000
21.152666091918945,65676000
20.775999069213867,70681500
21.02400016784668,64744500
20.75666618347168,56658000
21.368667602539062,65283000
21.149999618530277,67822500
20.974666595458984,149194500
21.10533332824707,68868000
22.42733383178711,147891000
22.246000289916992,107199000
22.31999969482422,64648500
22.530000686645508,99682500
22.4146671295166,72376500
22.67066764831543,97114500
23.143999099731445,106552500
22.971332550048828,85287000
23.334667205810547,73324500
23.437332153320312,93156000
23.519332885742188,81981000
23.05933380126953,79312500
22.50933265686035,101104500
22.856666564941406,68091000
23.302000045776367,71206500
23.05466651916504,70765500
23.62066650390625,93211500
23.28333282470703,62965500
22.916667938232425,55572000
22.208667755126957,66961500
22.264667510986328,76326000
23.0,104538000
21.01533317565918,154719000
20.69466781616211,194005500
21.048667907714844,93417000
21.577333450317383,68403000
21.48733329772949,59260500
22.271333694458008,88693500
22.36599922180176,84639000
22.31800079345703,60141000
22.21999931335449,48294000
23.077999114990234,104547000
23.46999931335449,87261000
23.827999114990234,65100000
23.39933204650879,71961000
22.87066650390625,91045500
22.062000274658203,103284000
22.341333389282227,76392000
22.22333335876465,57357000
21.8799991607666,64285500
22.15333366394043,75109500
21.940000534057617,53493000
21.81133270263672,82602000
23.03400039672852,123960000
22.78933334350586,89487000
21.775333404541016,119511000
21.706666946411133,98472000
21.42333221435547,91759500
20.90399932861328,112264500
20.703332901000977,71464500
21.101999282836918,89376000
20.606666564941406,74097000
20.1026668548584,99823500
20.27866744995117,125628000
18.61199951171875,208080000
17.185333251953125,315021000
17.742000579833984,227560500
16.832000732421875,241710000
17.8353328704834,282666000
19.12933349609375,298450500
20.381332397460938,286816500
19.953332901000977,202804500
19.310667037963867,153747000
20.31333351135254,164847000
20.062000274658203,112243500
19.60533332824707,114132000
20.022666931152344,109908000
19.41399955749512,95077500
19.179332733154297,105000000
19.55666732788086,98365500
20.005332946777344,91359000
19.34933280944824,84418500
18.891332626342773,73401000
18.8973331451416,85279500
18.71266746520996,60204000
19.03199958801269,65340000
19.60533332824707,65469000
19.59333229064941,63423000
19.994667053222656,69384000
20.07666778564453,134556000
18.96333312988281,260281500
19.606000900268555,128541000
20.184667587280277,130173000
20.131332397460938,88950000
20.456666946411133,85911000
20.334667205810547,84774000
20.070667266845703,70194000
19.46466636657715,109302000
18.94533348083496,142788000
19.09866714477539,85110000
18.96933364868164,66309000
18.454666137695312,108778500
18.965999603271484,137739000
18.333999633789062,134187000
18.60466766357422,89776500
18.523332595825195,62650500
18.59000015258789,58126500
18.917333602905277,84999000
19.447999954223636,112345500
18.98200035095215,88795500
19.454666137695312,81366000
19.78266716003418,71967000
19.408666610717773,89928000
21.299999237060547,281509500
21.07266616821289,215179500
21.17733383178711,123078000
22.13999938964844,197752500
22.851333618164062,335211000
22.985332489013672,142047000
23.847999572753903,164715000
23.87800025939941,162724500
24.722000122070312,181098000
23.503332138061523,191428500
24.14800071716309,125755500
23.167333602905277,119506500
22.242000579833984,153991500
22.200666427612305,103969500
22.799999237060547,111787500
22.96666717529297,125005500
23.32866668701172,125970000
22.86333274841309,97386000
22.33799934387207,281397000
20.724000930786133,184239000
20.61066627502441,262146000
20.59333229064941,132982500
21.233999252319336,113952000
21.49799919128418,142072500
21.263999938964844,73261500
21.11400032043457,85818000
21.257999420166016,88047000
20.67333221435547,117280500
21.512666702270508,104943000
21.59000015258789,84363000
21.34866714477539,88729500
20.905332565307617,77433000
20.21333312988281,164893500
19.82866668701172,143862000
20.582666397094727,106131000
20.44333267211914,69457500
19.812000274658203,85549500
19.344667434692383,102211500
19.875999450683597,76153500
20.05599975585937,151941000
23.30266761779785,348225000
23.211332321166992,204847500
22.79933357238769,128464500
25.30466651916504,463137000
24.689332962036133,368568000
23.49666786193848,257757000
23.69933319091797,173280000
23.76066780090332,156958500
23.176000595092773,104796000
22.57933235168457,136519500
22.36333274841309,90960000
20.36666679382324,284379000
20.562667846679688,261034500
21.459999084472656,197583000
21.44266700744629,89190000
21.34000015258789,77209500
21.521333694458008,54039000
21.284666061401367,196189500
20.790666580200195,114736500
20.333999633789062,111711000
20.209999084472656,108250500
20.11066627502441,80626500
19.26333236694336,125257500
18.715999603271484,115812000
18.729999542236328,112212000
17.549333572387695,337378500
19.03333282470703,214252500
18.62933349609375,137550000
19.369333267211918,150231000
19.297332763671875,95104500
19.68000030517578,101484000
19.6560001373291,103314000
18.997333526611328,248212500
19.934667587280277,124423500
19.8886661529541,110241000
19.940000534057617,75757500
19.978666305541992,72645000
20.06599998474121,67225500
20.6386661529541,117648000
20.501333236694336,127636500
17.65133285522461,504745500
20.71333312988281,326664000
20.06800079345703,176152500
19.65333366394043,119925000
18.788667678833008,147213000
17.463333129882812,269167500
16.70400047302246,202090500
17.520000457763672,180909000
17.125333786010742,192229500
16.815332412719727,122515500
17.25200080871582,108021000
17.305999755859375,93000000
18.439332962036133,142896000
18.118667602539062,129832500
17.5939998626709,81318000
17.333332061767578,140632500
17.39666748046875,84004500
19.60933303833008,285417000
19.233333587646484,300874500
20.99066734313965,312610500
22.059999465942383,411382500
22.32333374023437,217290000
21.99333381652832,136900500
22.488000869750977,114364500
22.95199966430664,120001500
23.0939998626709,117120000
22.76000022888184,117465000
22.73733329772949,101443500
23.21066665649414,110617500
23.426666259765625,106360500
23.367332458496094,76482000
22.0853328704834,104122500
22.582000732421875,81729000
22.933332443237305,75604500
23.22933387756348,69385500
23.62066650390625,108093000
23.564666748046875,145633500
23.166000366210938,120070500
22.54599952697754,70302000
21.722000122070312,63039000
23.06666755676269,119881500
22.92799949645996,95374500
23.191333770751957,61914000
22.744667053222656,46210500
23.365333557128903,84436500
23.89933204650879,124597500
23.979999542236328,126928500
24.20400047302246,117637500
23.86466789245605,172668000
24.34333229064941,99202500
24.450666427612305,94632000
24.440000534057617,75405000
25.119333267211918,110488500
24.38066673278809,95064000
23.22800064086914,115110000
22.46866607666016,106500000
22.197999954223636,124113000
21.025333404541016,136078500
21.31800079345703,120252000
19.69266700744629,83398500
21.73933219909668,122446500
21.07533264160156,128626500
22.257999420166016,149085000
22.18666648864746,94534500
20.67466735839844,174879000
20.02400016784668,104478000
21.179332733154297,110911500
22.33066749572754,113268000
22.356666564941406,105127500
22.568666458129883,81493500
22.99799919128418,90846000
23.15066719055176,75586500
22.293333053588867,78709500
22.96199989318848,90849000
23.06999969482422,70375500
23.15399932861328,55150500
20.15066719055176,362262000
19.92799949645996,181000500
19.172666549682617,187950000
19.43400001525879,120183000
19.80266761779785,108744000
19.7586669921875,96349500
19.83066749572754,69325500
20.584667205810547,168754500
20.468000411987305,188538000
20.81399917602539,109251000
20.85933303833008,110281500
21.42333221435547,101142000
21.14800071716309,75577500
20.500667572021484,97809000
20.386667251586918,87663000
20.856000900268555,106945500
20.78733253479004,82764000
20.544666290283203,77124000
20.251333236694336,78012000
20.525333404541016,58573500
20.375999450683597,62526000
20.17066764831543,107131500
19.415332794189453,133638000
19.6473331451416,86109000
19.917999267578125,99397500
19.857332229614254,128737500
20.982667922973636,167758500
21.32533264160156,157810500
19.652666091918945,343671000
19.02400016784668,256452000
18.43600082397461,281470500
18.416000366210938,155032500
18.439332962036133,141637500
18.94266700744629,132294000
19.39466667175293,110884500
18.89066696166992,112561500
19.263999938964844,102670500
19.33066749572754,106551000
18.36199951171875,221782500
17.965999603271484,154215000
17.83133316040039,177009000
18.239999771118164,103623000
18.26799964904785,89206500
17.635332107543945,131184000
17.3613338470459,153225000
17.851333618164062,110263500
18.32200050354004,131688000
18.57466697692871,101611500
18.65733337402344,89869500
19.27866744995117,121656000
19.058666229248047,82183500
19.45400047302246,118791000
17.851999282836914,355810500
18.33066749572754,195574500
18.21333312988281,156156000
18.15399932861328,88560000
18.40399932861328,105919500
17.89466667175293,147538500
17.84666633605957,101190000
17.7586669921875,150579000
18.224000930786133,109093500
18.082000732421875,76897500
18.21733283996582,88144500
17.516666412353516,182206500
17.593332290649414,164158500
17.243999481201172,160912500
16.5086669921875,327741000
15.675999641418455,335410500
16.097999572753906,250717500
15.912667274475098,141969000
15.600666999816896,160566000
16.273332595825195,272389500
17.00200080871582,355602000
17.022666931152344,162508500
16.470666885375977,151971000
16.32266616821289,92646000
16.131999969482422,100671000
15.968000411987305,105124500
15.133999824523926,162522000
15.487333297729492,108786000
15.463333129882812,109440000
15.222000122070312,112249500
14.0686674118042,266800500
13.690667152404783,307893000
13.67199993133545,270058500
12.84866714477539,280278000
13.03266716003418,398206500
12.708666801452637,212049000
12.579999923706056,154693500
12.657333374023438,179529000
12.54800033569336,118897500
12.343999862670898,156100500
11.9313325881958,195966000
12.90666675567627,207112500
13.105999946594238,202662000
13.729999542236328,303633000
13.633333206176758,240052500
14.19200038909912,158775000
14.473333358764648,174802500
13.95066738128662,227962500
14.260666847229004,122524500
14.32800006866455,111501000
15.001999855041504,184752000
14.982666969299316,190737000
15.095333099365234,98626500
14.641332626342772,177952500
14.790666580200195,123031500
14.90933322906494,86262000
14.650667190551758,92731500
14.618000030517578,127608000
14.855999946594238,95095500
14.897333145141602,102771000
15.14466667175293,123201000
14.970000267028809,138885000
15.65999984741211,213016500
15.539999961853027,105985500
15.355999946594238,88207500
15.337332725524902,92862000
15.928000450134276,137185500
15.90666675567627,112716000
16.338666915893555,138007500
16.899999618530273,165001500
16.825332641601562,122235000
16.99066734313965,146470500
16.902666091918945,71379000
17.211999893188477,105726000
17.045333862304688,102636000
17.344667434692383,75346500
17.658666610717773,166092000
15.254667282104492,336274500
15.202667236328123,150415500
15.718000411987305,139099500
16.150667190551758,121635000
16.107332229614258,137673000
15.59000015258789,123892500
15.62266731262207,92047500
15.221332550048828,105424500
15.383333206176758,83463000
15.56133270263672,71647500
15.886667251586914,79114500
15.667332649230955,58473000
15.267333030700684,69958500
15.666666984558104,72721500
14.641332626342772,143439000
14.37600040435791,122394000
14.662667274475098,76477500
15.121999740600586,79644000
15.057332992553713,61878000
14.722000122070312,116914500
14.8100004196167,98385000
14.09333324432373,128079000
14.333333015441896,75778500
14.272000312805176,81243000
14.37266731262207,48382500
14.780667304992676,77692500
15.040666580200195,139809000
15.000666618347168,80311500
14.711999893188477,86415000
15.305333137512209,110929500
15.16333293914795,62841000
15.452667236328123,72040500
15.702667236328123,73255500
16.47333335876465,150642000
16.391332626342773,128718000
16.34666633605957,79696500
16.187332153320312,70921500
16.319332122802734,57981000
16.232667922973633,62553000
16.440000534057617,71937000
16.041332244873047,95295000
16.082000732421875,65103000
14.880666732788086,193372500
15.24666690826416,141406500
16.17066764831543,178267500
16.142000198364258,166746000
16.058000564575195,88197000
16.312667846679688,92439000
16.208667755126953,84471000
15.535332679748535,226267500
15.428667068481444,119925000
15.847999572753906,120963000
16.003332138061523,130173000
16.302000045776367,103416000
16.31599998474121,94249500
16.525999069213867,127131000
17.130666732788086,153075000
17.19266700744629,96492000
17.316667556762695,100261500
17.46466636657715,71539500
17.1299991607666,86247000
16.899999618530273,75304500
17.038667678833008,69012000
16.978666305541992,78916500
19.978666305541992,445813500
21.875333786010746,450091500
21.84733390808105,283054500
21.08133316040039,190264500
21.000667572021484,144627000
20.994667053222656,76005000
20.88733291625977,95758500
21.1646671295166,131805000
21.14800071716309,104151000
21.77199935913086,119113500
22.369333267211918,217009500
22.47599983215332,91038000
23.006000518798828,149800500
23.32866668701172,110391000
23.073999404907227,126301500
23.290000915527344,96973500
23.47800064086914,72135000
23.332666397094727,66006000
23.968000411987305,115872000
23.481332778930664,100876500
23.655332565307617,91650000
22.202667236328125,253059000
22.422666549682617,185092500
21.92799949645996,119211000
22.086000442504883,83334000
21.996000289916992,36984000
22.32466697692871,91117500
22.413333892822266,98605500
22.20199966430664,82995000
22.024667739868164,55869000
22.392667770385746,114186000
22.635332107543945,135346500
23.256000518798828,132424500
23.51333236694336,103467000
23.978666305541992,116458500
23.892667770385746,98563500
25.433332443237305,272613000
25.266000747680664,127452000
26.209999084472656,211815000
26.93600082397461,271606500
27.03933334350586,221290500
27.947999954223636,199794000
28.350000381469727,120820500
28.72933387756348,159508500
28.691999435424805,149185500
27.64666748046875,188796000
27.8886661529541,154285500
28.68400001525879,142981500
29.53400039672852,266677500
30.1026668548584,151995000
31.270666122436523,268231500
32.80933380126953,467164500
32.089332580566406,426606000
31.87666702270508,194392500
34.990665435791016,397764000
35.861331939697266,434943000
34.56666564941406,260532000
34.232666015625,326050500
34.03333282470703,204436500
36.47999954223633,267052500
37.97066879272461,470535000
38.14666748046875,294765000
37.654666900634766,215304000
37.20133209228516,204121500
37.79333114624024,176827500
38.732666015625,267022500
42.72066879272461,435085500
43.37133407592773,235789500
52.0,705975000
59.137332916259766,914082000
48.97999954223633,726357000
49.93066787719727,598212000
49.87133407592773,255952500
51.41866683959961,370338000
51.62533187866211,175462500
51.15266799926758,180337500
53.59999847412109,394339500
53.33533477783203,235405500
57.22666549682617,245725500
61.16133117675781,381345000
59.96066665649414,264523500
60.06666564941406,214722000
55.58599853515625,227883000
53.32733154296875,259357500
51.91999816894531,211282500
45.26666641235352,364158000
44.53266525268555,363343500
49.574668884277344,302925000
49.70066833496094,386760000
49.96666717529297,225735000
48.30266571044922,162790500
46.89866638183594,189943500
40.53333282470703,256105500
43.02199935913086,233916000
42.28200149536133,199837500
37.369998931884766,283636500
36.44133377075195,339604500
29.67133331298828,307342500
28.68000030517578,359919000
24.08133316040039,356793000
28.50933265686035,452932500
28.50200080871582,424282500
28.952667236328125,246817500
33.66666793823242,343428000
35.95000076293945,318340500
35.21066665649414,260710500
34.29066848754883,215661000
33.47533416748047,179971500
34.93333435058594,266572500
32.104000091552734,200298000
30.29800033569336,297876000
32.000667572021484,338431500
34.41600036621094,223527000
36.36333465576172,268797000
36.589332580566406,189840000
38.20000076293945,204750000
43.39666748046875,337131000
47.32600021362305,458647500
48.65533447265625,353655000
49.68066787719727,309868500
50.25933456420898,196923000
49.75733184814453,221199000
45.78133392333984,303136500
48.80733489990234,212482500
47.04199981689453,198550500
48.34333419799805,198180000
53.25,310221000
51.27466583251953,228330000
53.367332458496094,243240000
52.12533187866211,427078500
46.75466537475586,487977000
50.74599838256836,288556500
51.2140007019043,254875500
52.172000885009766,166848000
52.00266647338867,172915500
54.62799835205078,241297500
54.08599853515625,247794000
53.96066665649414,238603500
52.73066711425781,285982500
53.55533218383789,205233000
53.27799987792969,157776000
54.242000579833984,174987000
53.867332458496094,144547500
54.37066650390625,109639500
55.17333221435547,183819000
54.45866775512695,149812500
54.5913314819336,121345500
54.68199920654297,173242500
53.72066879272461,108834000
55.66666793823242,176467500
59.87333297729492,224092500
58.77066802978516,203484000
58.86399841308594,119242500
57.62533187866211,133315500
59.04399871826172,117178500
63.32799911499024,212620500
62.711334228515625,170823000
68.336669921875,278451000
64.85600280761719,238747500
62.35200119018555,251451000
66.05999755859375,235458000
65.47533416748047,210766500
66.11933135986328,148362000
66.9306640625,146278500
66.72666931152344,130195500
66.28800201416016,95436000
66.78533172607422,95479500
64.0566635131836,164394000
65.73200225830078,138817500
63.982666015625,132823500
67.29000091552734,135396000
71.98733520507812,253777500
74.64199829101562,199903500
80.57733154296875,258751500
91.43866729736328,308548500
92.65733337402344,322345500
91.05867004394533,244669500
92.9520034790039,175764000
102.97666931152344,350064000
99.8040008544922,584781000
101.12000274658205,351271500
103.06732940673828,245517000
100.04266357421876,214512000
100.05599975585938,139950000
109.53333282470705,256821000
104.55733489990234,241608000
106.15533447265624,212416500
100.87133026123048,364927500
94.46666717529295,290949000
102.63999938964844,240730500
98.43267059326172,237130500
99.94066619873048,141403500
99.16600036621094,114315000
95.38400268554688,183123000
99.0,132139500
99.13333129882812,126225000
99.00133514404295,74217000
99.30533599853516,89884500
96.84733581542967,133446000
94.5713348388672,112834500
91.6259994506836,129387000
103.65066528320312,327441000
108.06666564941406,306379500
110.04733276367188,188664000
122.3759994506836,303634500
125.80599975585938,247117500
125.23533630371094,183079500
133.45533752441406,309177000
136.6653289794922,322344000
134.27999877929688,300954000
134.8893280029297,159883500
143.54466247558594,213591000
149.25,355395000
147.55999755859375,301218000
166.10667419433594,355123200
158.35000610351562,269523300
149.1233367919922,288528300
135.6666717529297,262788300
139.44000244140625,330965700
110.06999969482422,346397100
122.09333038330078,238397400
123.77999877929688,254791800
124.23999786376952,182152500
139.8733367919922,249061800
149.9199981689453,291894600
147.25332641601562,216837900
141.14332580566406,230337600
147.38333129882812,259220400
149.79666137695312,328430400
141.41000366210938,238742400
126.7866668701172,285222600
129.26333618164062,289683300
135.77999877929688,201625500
140.39999389648438,149158800
139.69000244140625,150657900
143.00332641601562,144436800
149.3866729736328,152224500
138.3633270263672,214290000
141.89332580566406,134168400
137.9933319091797,147438900
141.76666259765625,129383100
141.97332763671875,121263300
144.6666717529297,86777100
147.43333435058594,116373300
148.88333129882812,103391100
153.76666259765625,143639100
149.6266632080078,107017200
146.55667114257812,98327700
143.61000061035156,108863400
140.64666748046875,94968900
140.8800048828125,97111500
141.92999267578125,119979600
140.2100067138672,101151000
140.0933380126953,84717600
141.55999755859375,68059500
135.33999633789062,76354200
136.94332885742188,67965900
129.34666442871094,127533900
133.50332641601562,87063300
141.3000030517578,103055100
140.32666015625,96429300
146.02999877929688,85243500
143.31666564941406,65118000
140.4199981689453,104499000
136.7866668701172,90852600
139.0433349609375,52073100
137.25332641601562,59565300
136.1666717529297,59313300
136.02999877929688,80515800
147.20333862304688,183564900
162.2133331298828,234132000
166.42333984375,187425900
163.20333862304688,98735700
173.9499969482422,150780900
185.1266632080078,160945500
191.3333282470703,146790600
195.2533264160156,112683300
189.1999969482422,189009300
194.9199981689453,120310500
189.60667419433597,143327100
197.7933349609375,127656000
199.67999267578125,88203900
213.9199981689453,168929100
216.6266632080078,192795000
201.4933319091797,213873600
209.02333068847656,201249600
203.3300018310547,139425000
213.27667236328125,156121800
211.0833282470703,135214500
207.58999633789065,126287400
218.63333129882807,168810300
231.6666717529297,666378600
216.6199951171875,174135900
213.44667053222656,155148000
215.32666015625,99519000
220.58999633789065,68596800
221.22999572753903,96835800
221.9966735839844,68732400
231.5933380126953,128538000
235.22332763671875,148949700
243.2566680908203,145914600
245.0366668701172,96735600
251.9933319091797,134100000
272.0133361816406,154496700
293.3399963378906,225166500
270.39666748046875,177904800
283.14666748046875,138812100
284.8033447265625,99937500
281.6666564941406,93798900
275.3866577148437,116332800
281.51666259765625,76101000
283.4833374023437,76997700
281.663330078125,61563300
282.2133178710937,60199500
293.6000061035156,123520200
294.36334228515625,69394800
288.0533447265625,82002000
278.4766540527344,79134000
264.510009765625,104972400
279.9366760253906,76174200
290.92999267578125,73038600
284.89666748046875,55030500
283.3299865722656,47438100
284.07666015625,55699800
287.8066711425781,60485100
283.1533203125,45473100
268.2733459472656,108648300
270.5533447265625,64868400
272.0400085449219,71304900
265.4066772460937,59406900
266.04998779296875,77989500
262.4599914550781,53871300
260.4333190917969,56874900
238.1666717529297,111809100
232.94667053222656,199820700
247.33999633789065,110301000
227.4066619873047,117071700
225.1666717529297,123267600
239.47666931152344,81408600
228.81333923339844,71196600
217.73333740234372,90624000
207.14666748046875,197758500
199.3166656494141,268189500
187.6666717529297,155361000
224.52667236328125,202569900
222.6866607666016,181817100
233.1999969482422,108761700
231.2433319091797,100751400
235.97999572753903,88006800
225.6266632080078,96587100
233.9366607666016,121117500
217.72000122070312,99674400
218.2899932861328,128682000
223.3333282470703,118536600
220.72000122070312,91475700
210.08999633789065,101385600
213.4633331298828,117674700
206.23666381835935,101558400
203.76333618164065,85911000
211.8733367919922,118297200
222.6433258056641,100011900
220.5833282470703,105895200
230.3500061035156,125528400
230.5399932861328,84815400
223.6566619873047,78928200
227.93333435058597,71772900
225.67333984375,64311300
233.9933319091797,87407100
254.10667419433597,133958400
244.07666015625,147052200
246.2833404541016,83546700
246.5933380126953,83938500
238.2100067138672,119058600
239.663330078125,106827000
248.0399932861328,93646500
239.89666748046875,106770900
243.13333129882807,85110000
246.0666656494141,93115500
234.913330078125,88311000
231.46665954589844,66813000
225.6666717529297,86536200
236.47999572753903,122276100
228.3000030517578,81129300
224.5333404541016,89217900
223.64666748046875,65705700
221.17999267578125,83353800
224.1233367919922,70407600
209.67999267578125,94177200
205.73333740234372,139511700
196.6300048828125,101470800
190.56333923339844,132554700
196.5800018310547,100112700
192.27667236328125,97171200
192.6233367919922,110491800
187.82000732421875,118735200
195.5933380126953,92463300
193.6266632080078,78091800
202.14666748046875,103674300
201.56333923339844,84017700
206.3766632080078,85917900
210.2833404541016,79111800
208.4066619873047,68211000
207.96665954589844,54254700
201.7066650390625,69908400
190.94667053222656,90335700
199.68333435058597,72110700
201.7100067138672,67631100
201.19667053222656,78160200
199.5933380126953,49753800
203.3733367919922,71758800
203.29666137695312,48615900
205.89666748046875,61272000
199.7866668701172,53292300
201.6233367919922,66432300
205.5333404541016,68104200
207.7700042724609,73682700
206.94332885742188,74438100
207.90333557128903,57476700
218.85667419433597,93297600
226.60667419433597,137947200
223.9566650390625,97490100
229.5733337402344,64884600
226.9199981689453,52143900
226.5666656494141,56774700
225.97332763671875,55903500
226.3000030517578,81163500
219.8600006103516,69853500
214.88333129882807,56376000
217.60333251953125,68319900
218.98333740234372,54421500
228.5666656494141,77781000
222.8466644287109,62898300
217.7933349609375,64923600
216.86666870117188,60628800
214.7400054931641,49113000
215.4066619873047,63891300
220.1666717529297,46461300
218.42999267578125,41859900
216.4199981689453,45317100
214.4600067138672,43814700
219.2066650390625,76009800
214.9266662597656,98439900
215.66000366210935,48019800
225.7833404541016,91183800
229.0666656494141,88969200
236.55667114257807,100847400
236.5800018310547,64860900
236.97332763671875,51007800
238.2100067138672,38758800
233.0333404541016,46869000
237.9199981689453,44145900
236.663330078125,40296900
235.94000244140625,29401800
240.75,52377300
239.05667114257807,50194500
228.72332763671875,68032200
221.90333557128903,71163900
229.663330078125,61048200
224.4900054931641,42940500
226.7533264160156,44525700
235.43333435058597,60794700
236.163330078125,39249300
237.0666656494141,37936800
233.72000122070312,39642900
237.30667114257807,41501400
243.6366729736328,55812600
245.2400054931641,62566200
244.69667053222656,39612900
244.1300048828125,38331900
244.52333068847656,45738300
250.97332763671875,60119400
251.2899932861328,56379000
251.6199951171875,42233100
245.42333984375,45552600
247.6666717529297,68857500
248.163330078125,55574700
251.94332885742188,46073100
252.3300018310547,41770200
253.163330078125,84612600
243.38999938964844,74273100
246.4600067138672,48992100
250.64666748046875,45378900
251.2133331298828,35842500
258.1300048828125,64119000
263.78668212890625,84212100
259.1866760253906,76144200
260.4366760253906,62828700
258.49334716796875,53868000
258.4066772460937,51094200
260.510009765625,91449900
260.1966552734375,55297800
260.9166564941406,43898400
264.53668212890625,57587400
261.8299865722656,50215800
263.9800109863281,42600900
268.5733337402344,66060000
270.3599853515625,42360300
272.7733459472656,36741600
281.010009765625,56773800
290.03668212890625,72621600
288.0899963378906,52143300
288.6000061035156,42096300
298.0,94444500
303.2266540527344,68642400
341.6199951171875,188556300
339.4766540527344,187245000
345.9533386230469,115579500
359.0133361816406,81639600
371.3333435058594,89755200
402.86334228515625,168146100
390.6666564941406,128213400
404.6199951171875,103885500
409.9700012207031,76192200
407.36334228515625,64886400
387.6466674804688,100337100
341.1666564941406,177317400
355.9833374023437,128408100
354.5033264160156,67189800
344.47332763671875,76719300
337.7966613769531,104326800
351.57666015625,79627200
363.0033264160156,94336200
365.4599914550781,62696700
379.0199890136719,64926900
385.6233215332031,99217500
369.6766662597656,108515100
372.0,67680600
360.6400146484375,35042700
378.9966735839844,58393500
381.586669921875,81276000
365.0,68450400
361.5333251953125,73114800
338.3233337402344,92322000
336.336669921875,81663000
350.5833435058594,56084700
356.32000732421875,41906400
334.6000061035156,59438400
339.010009765625,59664300
322.1366577148437,78595500
319.5033264160156,70806300
325.3299865722656,75169200
308.97332763671875,82771500
310.8566589355469,100437300
299.9800109863281,56480100
312.84332275390625,71517900
336.2900085449219,93634200
355.6666564941406,92713200
364.6466674804688,71145900
362.8233337402344,60324000
362.0633239746094,56154000
356.7799987792969,47040900
352.260009765625,40733700
399.9266662597656,103931400
383.1966552734375,100248300
362.7066650390625,80119800
354.8999938964844,90336600
342.32000732421875,84164700
352.7066650390625,91815000
354.79998779296875,66063300
368.739990234375,83739000
343.85333251953125,97209900
349.8699951171875,72924300
343.5033264160156,66743400
331.8833312988281,75442500
332.0899963378906,70488600
314.6333312988281,103416000
310.0,151565700
306.1333312988281,86595900
312.4700012207031,104867400
276.3666687011719,147109500
282.1166687011719,134789100
312.239990234375,104436000
310.4166564941406,73138200
301.8866577148437,66792900
297.0466613769531,78855600
307.7733459472656,73625400
302.4466552734375,60994500
307.3333435058594,50729100
310.6666564941406,52259400
301.51666259765625,66126900
286.6666564941406,79645800
291.9200134277344,67756500
307.4766540527344,57286200
307.7966613769531,51294300
292.1166687011719,55178400
285.6600036621094,68501700
273.84332275390625,83288100
254.67999267578125,95256900
266.92333984375,135322200
269.9566650390625,76067700
290.1433410644531,99006900
288.1233215332031,74766900
293.2966613769531,74643300
279.7633361816406,61623600
279.42999267578125,66999600
268.1933288574219,72494100
274.79998779296875,80399100
286.3233337402344,59184000
279.4333190917969,58648500
265.1166687011719,67037100
255.4566650390625,71152200
267.2966613769531,66841200
280.07666015625,84028800
290.5333251953125,66582900
301.7966613769531,100414200
307.0533447265625,81981600
331.32666015625,105868500
333.03668212890625,120676200
337.97332763671875,68920800
336.8800048828125,62031600
363.9466552734375,102506100
366.5233459472656,73614900
364.663330078125,59865000
359.20001220703125,48992700
361.5299987792969,54263100
381.8166809082031,82035900
363.7533264160156,80075100
348.586669921875,89348400
352.4200134277344,79447200
341.8299865722656,55013700
325.3099975585937,59357100
328.9833374023437,65976000
340.7900085449219,55121100
328.3333435058594,58422300
334.7633361816406,51715200
342.7166748046875,49847700
325.7333374023437,70711200
336.260009765625,105416400
335.01666259765625,69696600
332.67333984375,68341200
292.1400146484375,136133700
293.836669921875,76956300
292.5033264160156,124948500
290.2533264160156,88133100
300.9800109863281,75781500
303.0833435058594,63709500
317.5400085449219,81643800
291.09332275390625,92519100
288.54998779296875,72903000
262.3699951171875,90810300
266.67999267578125,84401700
244.6666717529297,97224600
242.6666717529297,140313000
256.5299987792969,92150700
241.4566650390625,86098500
253.8699951171875,80236200
236.60333251953125,87811800
236.47332763671875,90296700
221.3000030517578,144973200
224.96665954589844,88903500
209.3866729736328,89092500
219.6000061035156,92139300
235.91000366210935,106003200
253.2100067138672,89295000
252.7533264160156,101914500
246.7899932861328,77247900
258.3333435058594,93473100
234.51666259765625,112393800
238.27999877929688,84204600
238.8866729736328,72808500
241.86666870117188,76210500
239.7066650390625,96491400
232.22999572753903,97536600
215.73666381835935,102767400
220.88999938964844,97988700
233.0,119131800
213.1000061035156,107390700
216.75999450683597,92641800
237.0366668701172,122793000
236.086669921875,101107500
235.07000732421875,104202600
245.7066650390625,95770800
244.9199981689453,89178300
232.663330078125,90391200
228.4900054931641,82897200
224.47332763671875,94600500
227.26333618164065,74460300
233.0666656494141,84581100
231.73333740234372,71853600
244.5433349609375,81930600
250.76333618164065,101854200
234.3433380126953,99241200
233.07000732421875,87930900
237.0399932861328,97954500
238.31333923339844,78557400
240.0666656494141,69683100
240.54666137695312,82537500
245.52999877929688,80890200
247.5,88864200
271.7066650390625,142032300
272.24334716796875,103472700
268.4333190917969,64073400
258.8599853515625,66820800
274.82000732421875,88110000
280.8999938964844,84723000
297.1499938964844,95313000
297.27667236328125,117042900
300.586669921875,95577600
307.39666748046875,80091000
308.6333312988281,72256200
288.1700134277344,113172900
290.42333984375,98994000
283.3333435058594,86244600
294.3566589355469,94918800
286.6300048828125,70155000
300.0299987792969,79657200
309.32000732421875,89359200
306.5633239746094,88136400
303.9966735839844,68766000
302.8699951171875,47500500
296.6666564941406,61395300
289.913330078125,55843200
296.4533386230469,63984900
297.0966796875,57259800
296.07000732421875,53230000
288.0899963378906,57163900
284.82000732421875,41864700
277.70001220703125,50541800
275.6099853515625,52107300
277.1600036621094,54287000
270.2099914550781,50890100
274.4200134277344,55860000
283.70001220703125,50028900
289.260009765625,53713100
299.67999267578125,54338100
304.4200134277344,48674600
292.1300048828125,68229600
302.6099853515625,72628700
303.75,64795500
303.3500061035156,87087800
309.07000732421875,60231200
308.7300109863281,61642800
300.79998779296875,62555700
288.5899963378906,70545400
275.3299865722656,63748400
276.010009765625,58076900
282.94000244140625,61925200
287.8099975585937,54664800
268.2099914550781,77620600
265.25,67726600
242.3999938964844,98363500
249.44000244140625,109578500
240.80999755859372,86982700
238.1300048828125,69298400
223.07000732421875,83916800
222.9600067138672,67925000
216.5,77013200
217.2400054931641,66860700
221.72000122070312,91483000
204.9900054931641,94124500
219.3500061035156,79428800
220.19000244140625,75891900
222.0399932861328,66571500
207.27999877929688,117798100
214.44000244140625,75713800
211.25,100446800
222.4199981689453,96507900
224.63999938964844,85012500
225.08999633789065,61638800
228.5200042724609,69152400
227.5399932861328,61554300
227.82000732421875,62688800
214.97999572753903,63070300
215.30999755859372,56538800
207.47000122070312,98622200
197.0800018310547,93916500
191.3000030517578,128803400
177.58999633789062,127062700
190.72000122070312,132703000
195.97000122070312,114403600
190.9499969482422,92226600
194.4199981689453,91293800
186.9199981689453,66567600
183.1699981689453,64336000
180.19000244140625,76048900
167.8699951171875,92882700
169.91000366210938,78452300
183.1999969482422,109536700
182.8600006103516,50672700
182.9199981689453,92905200
180.8300018310547,83357100
194.6999969482422,109186400
194.6999969482422,80046200
194.8600006103516,73645900
182.4499969482422,93122700
179.82000732421875,92150800
174.0399932861328,84213300
173.44000244140625,97624500
179.0500030517578,104872300
167.82000732421875,109794500
160.9499969482422,175862700
156.8000030517578,140682300
157.6699981689453,122334500
150.22999572753906,139032200
149.8699951171875,139390600
137.8000030517578,159563300
137.57000732421875,145417400
125.3499984741211,210090300
123.1500015258789,166989700
109.0999984741211,208643400
112.70999908447266,221070500
121.81999969482422,221923300
123.18000030517578,157777300
108.0999984741211,231402800
113.63999938964844,180389000
110.33999633789062,157986300
113.05999755859376,220911100
119.7699966430664,190284000
118.8499984741211,167642500
123.22000122070312,183810800
123.55999755859376,169400900
122.4000015258789,180714100
131.49000549316406,186477000
128.77999877929688,195680300
127.16999816894533,170291900
133.4199981689453,138858100
143.75,203119200
143.88999938964844,158699100
144.42999267578125,192734300
160.27000427246094,234815100
177.89999389648438,306590600
166.66000366210938,230878800
173.22000122070312,196813500
181.41000366210935,213806300
188.2700042724609,217448300
189.97999572753903,232662000
194.75999450683597,186188100
196.80999755859372,186010300
201.2899932861328,180673600
207.32000732421875,215431400
196.88999938964844,204754100
194.63999938964844,172475500
209.25,216455700
214.2400054931641,181006400
202.0399932861328,229586500
208.30999755859372,213738500
197.3699951171875,180018600
200.8600006103516,191828500
202.07000732421875,146360000
196.8800048828125,142228100
207.6300048828125,161028300
205.7100067138672,153144900
202.7700042724609,156852800
190.8999938964844,181500700
197.7899932861328,154193300
193.80999755859372,128100100
187.7100067138672,148125800
182.0,151897800
172.9199981689453,170023800
173.44000244140625,191488900
174.47999572753906,167790300
183.25999450683597,143717900
180.4499969482422,145995600
184.1300048828125,121136800
180.1300048828125,133197100
183.25,129684400
197.5800018310547,153391400
191.1499938964844,150376400
192.22000122070312,144193900
190.41000366210935,116312400
191.80999755859372,120851600
189.19000244140625,98654600
193.8800048828125,123660000
195.27999877929688,110252200
207.4600067138672,170222100
194.7700042724609,169545900
192.5800018310547,126463800
185.5200042724609,133882500
185.05999755859372,123857900
184.50999450683597,142154600
186.7899932861328,115770900
180.5399932861328,150256300
185.8999938964844,112933000
185.0,96438700
187.0399932861328,116662200
184.30999755859372,92067000
180.58999633789065,125732700
162.99000549316406,210970800
165.0800018310547,123539000
162.5500030517578,140006600
160.6699981689453,121999300
153.75,153364100
160.19000244140625,127015200
164.30999755859375,122515800
161.8300018310547,109015000
160.30999755859375,128259700
160.61000061035156,119728000
161.1999969482422,95108500
170.05999755859375,107440900
171.7899932861328,112249400
169.14999389648438,88965000
168.5399932861328,119840700
172.0800018310547,103889900
167.97999572753906,157577100
166.35000610351562,105592500
166.52000427246094,98288800
173.86000061035156,125473600
176.88999938964844,109520300
180.13999938964844,136024200
188.8699951171875,132001400
185.7700042724609,156952100
182.8999938964844,137605100
184.47000122070312,96870700
193.1699981689453,162061500
201.16000366210935,128818700
203.92999267578125,150711700
207.5200042724609,148029900
213.97000122070312,164129000
217.6100006103516,151143100
221.30999755859372,146911600
224.57000732421875,185710800
234.8600006103516,164489700
244.3999938964844,199882300
249.8300018310547,150337900
258.7099914550781,162384300
256.7900085449219,170575500
255.8999938964844,160171200
260.5400085449219,167563700
274.45001220703125,165611200
259.4599914550781,211797100
264.6099853515625,166875900
256.6000061035156,176584100
241.0500030517578,179990600
250.2100067138672,164968200
256.239990234375,159770800
257.5,131283400
261.7699890136719,112267600
279.82000732421875,119685900
282.4800109863281,131530900
276.5400085449219,120332100
274.42999267578125,113602000
269.6099853515625,119425400
269.7900085449219,91972400
271.989990234375,95672100
277.8999938964844,112681500
281.3800048828125,119771100
290.3800048828125,131569600
293.3399963378906,112434700
291.260009765625,142355400
262.8999938964844,175158300
260.0199890136719,161050100
269.0599975585937,136508500
265.2799987792969,112757300
264.3500061035156,95856200
255.7100067138672,103697300
266.44000244140625,111446000
267.42999267578125,84582200
261.07000732421875,83166000
254.1100006103516,101752900
259.32000732421875,97569100
253.8600006103516,99242600
251.4499969482422,111097900
249.6999969482422,96642200
242.19000244140625,101596300
245.33999633789065,109498600
242.6499938964844,98866600
239.75999450683597,98595300
232.9600067138672,88197600
225.6000061035156,112484500
219.22000122070312,120718400
215.4900054931641,135813700
231.27999877929688,135702700
233.19000244140625,130597900
236.8600006103516,101077600
230.0399932861328,99777400
238.58999633789065,106612200
238.82000732421875,107673700
257.17999267578125,134047600
256.8999938964844,121988400
258.0799865722656,108861700
245.00999450683597,132272500
256.489990234375,129469600
251.9199981689453,116959800
251.4900054931641,115312900
248.5,118367700
273.5799865722656,174667900
267.4800109863281,135999900
271.29998779296875,111673700
276.0400085449219,107709800
274.3900146484375,133422800
265.2799987792969,101543300
266.5,103704000
262.5899963378906,122514600
255.6999969482422,119531000
244.8800048828125,127524100
246.9900054931641,104636600
244.1199951171875,101993600
240.5,136597200
246.3800048828125,117058900
250.22000122070312,128346200
251.6000061035156,123810400
246.52999877929688,101985300
261.1600036621094,129721600
260.04998779296875,119159200
260.5299987792969,117947000
259.6700134277344,101377900
263.6199951171875,122656000
262.989990234375,103706300
258.8699951171875,111508100
251.1199951171875,102073800
253.9199981689453,88917200
254.8500061035156,93562900
242.67999267578125,125147800
220.1100006103516,170772700
211.9900054931641,137734000
212.0800018310547,150683400
216.5200042724609,118231100
212.4199981689453,107065100
205.75999450683597,115112600
207.3000030517578,94881200
197.3600006103516,136448200
200.83999633789065,118068300
205.66000366210935,121661700
218.50999450683597,125987600
219.9600067138672,119281000
219.2700042724609,117335800
222.17999267578125,116900100
222.1100006103516,106584800
209.97999572753903,142110500
214.6499938964844,130994000
223.7100067138672,140447600
237.41000366210935,149771600
242.83999633789065,150354000
233.58999633789065,136816800
234.3000030517578,142532800
235.6000061035156,116320100
241.1999969482422,122288000
234.2100067138672,117950600
235.4499969482422,65125200
236.0800018310547,112031800
246.72000122070312,148549900
244.13999938964844,135401300
240.0800018310547,132353200
238.8300018310547,121173500
235.5800018310547,104099800
238.72000122070312,137971100
239.3699951171875,126436200
242.63999938964844,107142300
243.83999633789065,102980100
239.7400054931641,97913900
237.00999450683597,95328300
239.2899932861328,146286300
251.0500030517578,160829200
253.5,135720800
252.0800018310547,116416500
257.2200012207031,106737400
247.13999938964844,125097000
254.5,109594200
252.5399932861328,93249800
256.6099853515625,86892400
261.44000244140625,106494400
253.17999267578125,113619900
248.47999572753903,100615300
248.4199981689453,104654200
238.4499969482422,121082600
237.92999267578125,102629300
237.4900054931641,92379400
240.4499969482422,85166600
234.9600067138672,96705700
233.94000244140625,91628500
227.22000122070312,105873600
218.88999938964844,122889000
219.91000366210935,115355000
215.5500030517578,103164400
211.8800048828125,108595400
212.19000244140625,102095800
208.8000030517578,117952500
209.13999938964844,106605900
207.8300018310547,123369900
182.6300048828125,198076800
183.25,107343200
190.92999267578125,125013100
191.58999633789065,109982300
187.2899932861328,103221400
188.8600006103516,91843300
187.91000366210935,110505100
181.05999755859372,134294400
185.1000061035156,122676000
187.5800018310547,111535200
189.55999755859372,83034000
193.57000732421875,84476300
188.1300048828125,95498600
184.0200042724609,86759500
188.7100067138672,81203000
200.4499969482422,120831800
199.9499969482422,111173600
193.75999450683597,104545800
194.7700042724609,103844000
197.41000366210935,92739500
191.97000122070312,78841900
199.3999938964844,111747100
199.72999572753903,108645400
202.0399932861328,99806200
201.8800048828125,85907000
202.63999938964844,82099200
188.13999938964844,134334900
180.7400054931641,119660800
176.5399932861328,107920900
178.64999389648438,102129000
175.33999633789062,85315300
177.77000427246094,85391500
177.5399932861328,87391700
169.47999572753906,106524500
162.5,126325700
163.57000732421875,96971900
173.8000030517578,108214400
171.32000732421875,77271400
175.66000366210938,83846700
172.82000732421875,73178000
170.8300018310547,75454700
172.6300048828125,74228600
177.6699981689453,113186200
179.8300018310547,81804000
175.7899932861328,77654800
175.22000122070312,81562100
166.6300048828125,116650600
168.3800048828125,82950100
171.11000061035156,123162000
164.89999389648438,141250700
172.97999572753906,104423300
176.8800048828125,103232700
171.75999450683594,84532400
174.60000610351562,94516000
171.0500030517578,64506600
161.47999572753906,100245300
157.11000061035156,97000000
155.4499969482422,82439700
149.92999267578125,96098800
147.0500030517578,86005100
142.0500030517578,107097600
144.67999267578125,124545100
162.1300048828125,181178000
170.17999267578125,126427500
168.2899932861328,109815700
194.0500030517578,243869700
183.27999877929688,127031800
179.99000549316406,92829700
180.00999450683594,89148000
181.19000244140625,75491500
184.75999450683597,84390300
177.80999755859375,75045900
174.72000122070312,79969500
171.97000122070312,65950300
168.47000122070312,72627200
171.88999938964844,67018900
177.5500030517578,86407400
173.99000549316406,79663000
174.83999633789062,59812200
177.4600067138672,77445800
174.9499969482422,61727400
186.6000061035156,115266500
180.11000061035156,88313500
173.74000549316406,71975500
179.24000549316406,65479700
176.75,59736600
176.19000244140625,54782600
178.7899932861328,77784800
178.0800018310547,67314600
176.2899932861328,68568900
174.77000427246094,60056300
175.0,57953800
177.94000244140625,69887000
177.47999572753906,56244900
173.7899932861328,50869700
170.66000366210938,64761900
177.2899932861328,90389400
182.47000122070312,118984100
178.00999450683594,82038200
187.44000244140625,109786100
184.8600006103516,68982300
181.57000732421875,55893100
183.00999450683597,63029500
182.5800018310547,61992100
187.3500061035156,63678300
196.3699951171875,95737100
197.4199981689453,72746500
197.8800048828125,95438100
209.8600006103516,135691400
231.25999450683597,205047900
246.38999938964844,166561500
251.5200042724609,154501200
252.94000244140625,157219600
262.3299865722656,160210900
263.260009765625,128519400
241.02999877929688,221707300
248.22999572753903,155955800
252.63999938964844,146912900
256.5599975585937,126332500
248.5,115584800
249.22999572753903,110869000
239.1999969482422,87403900
251.50999450683597,101225400
246.3800048828125,111928200
215.9900054931641,167942900
220.25,100636500
219.8000030517578,94604100
232.1000061035156,129201800
222.6199951171875,100560300
232.07000732421875,67497000
216.8600006103516,83861900
207.6699981689453,82880100
198.8800048828125,100308800
200.63999938964844,73783900
191.75999450683597,71159800
198.83999633789065,65033900
200.0,58648300
197.4900054931641,64044900
207.8300018310547,76247400
201.3800048828125,70250000
214.13999938964844,89848500
216.1199951171875,88765100
222.72000122070312,76435200
221.1000061035156,74001200
223.2700042724609,70146000
210.66000366210935,79514500
220.32000732421875,81525200
213.2100067138672,59301200
209.2100067138672,62821400
205.75,64116400
206.27999877929688,62308800
214.1100006103516,63370600
210.6000061035156,76714200
219.41000366210935,80651800
230.1699981689453,119355000
210.72999572753903,112177000
216.2700042724609,67443500
226.1699981689453,78891100
228.1300048828125,83548600
229.80999755859372,72020000
230.2899932861328,59515100
226.77999877929688,54323000
227.8699951171875,66761600
227.1999969482422,78010200
243.9199981689453,102694600
238.25,99879100
250.0,86927200
254.2700042724609,88491000
257.0199890136719,65034300
254.22000122070312,66972600
